PIK #,Hall,Room #,Key
336661100,AH CONFERENCE,RAR-102Aa,SF-1A
336661101,AH CONFERENCE,RAR-102Ba,SF-1B
336661102,AH CONFERENCE,RAR-102Ca,SF-1C
336661103,AH CONFERENCE,RAR-104a,SF-2L
336661104,AH CONFERENCE,RAR-104b,SF-2R
336661105,AH CONFERENCE,RAR-106Aa,SF-3A
336661106,AH CONFERENCE,RAR-106Ba,SF-3B
336661107,AH CONFERENCE,RAR-106Ca,SF-3C
336661108,AH CONFERENCE,RAR-107Aa,SF-4A
336661109,AH CONFERENCE,RAR-107Ba,SF-4B
336661110,AH CONFERENCE,RAR-107Ca,SF-4C
336661111,AH CONFERENCE,RAR-108Aa,SF-5A
336661112,AH CONFERENCE,RAR-108Ba,SF-5B
336661113,AH CONFERENCE,RAR-108Ca,SF-5C
336661114,AH CONFERENCE,RAR-109a,SF-6L
336661115,AH CONFERENCE,RAR-109b,SF-6R
336661116,AH CONFERENCE,RAR-110Aa,SF-7A
336661117,AH CONFERENCE,RAR-110Ba,SF-7B
336661118,AH CONFERENCE,RAR-110Ca,SF-7C
336661119,AH CONFERENCE,RAR-111aR,SF-8L
336661120,AH CONFERENCE,RAR-112Aa,SF-9A
336661121,AH CONFERENCE,RAR-112Ba,SF-9B
336661122,AH CONFERENCE,RAR-112Ca,SF-9C
336661123,AH CONFERENCE,RAR-113Aa,SF-10A
336661124,AH CONFERENCE,RAR-113Ba,SF-10B
336661125,AH CONFERENCE,RAR-113Ca,SF-10C
336661126,AH CONFERENCE,RAR-114a,SF-11L
336661127,AH CONFERENCE,RAR-114b,SF-11R
336661128,AH CONFERENCE,RAR-115Aa,SF-12A
336661129,AH CONFERENCE,RAR-115Ba,SF-12B
336661130,AH CONFERENCE,RAR-115Ca,SF-12C
336661131,AH CONFERENCE,RAR-116Aa,SF-13A
336661132,AH CONFERENCE,RAR-116Ba,SF-13B
336661133,AH CONFERENCE,RAR-116Ca,SF-13C
336661134,AH CONFERENCE,RAR-117Aa,SF-14A
336661135,AH CONFERENCE,RAR-117Ba,SF-14B
336661136,AH CONFERENCE,RAR-117Ca,SF-14C
336661137,AH CONFERENCE,RAR-118Aa,SF-15A
336661138,AH CONFERENCE,RAR-118Ba,SF-15B
336661139,AH CONFERENCE,RAR-118Ca,SF-15C
336661140,AH CONFERENCE,RAR-119Aa,SF-16A
336661141,AH CONFERENCE,RAR-119Ba,SF-16B
336661142,AH CONFERENCE,RAR-119Ca,SF-16C
336661143,AH CONFERENCE,RAR-120a,SF-17L
336661144,AH CONFERENCE,RAR-120b,SF-17R
336661145,AH CONFERENCE,RAR-121a,SF-18L
336661146,AH CONFERENCE,RAR-121b,SF-18R
336661147,AH CONFERENCE,RAR-122Aa,SF-19A
336661148,AH CONFERENCE,RAR-122Ba,SF-19B
336661149,AH CONFERENCE,RAR-122Ca,SF-19C
336661150,AH CONFERENCE,RAR-123Aa,SF-20A
336661151,AH CONFERENCE,RAR-123Ba,SF-20B
336661152,AH CONFERENCE,RAR-123Ca,SF-20C
336661153,AH CONFERENCE,RAR-126a,SF-21L
336661154,AH CONFERENCE,RAR-126b,SF-21R
336661155,AH CONFERENCE,RAR-127Aa,SF-22A
336661156,AH CONFERENCE,RAR-127Ba,SF-22B
336661157,AH CONFERENCE,RAR-127Ca,SF-22C
336661158,AH CONFERENCE,RAR-128Aa,SF-23A
336661159,AH CONFERENCE,RAR-128Ba,SF-23B
336661160,AH CONFERENCE,RAR-128Ca,SF-23C
336661161,AH CONFERENCE,RAR-129a,SF-24L
336661162,AH CONFERENCE,RAR-129b,SF-24R
336661163,AH CONFERENCE,RAR-130a,SF-25L
336661164,AH CONFERENCE,RAR-130b,SF-25R
336661165,AH CONFERENCE,RAR-131aR,SF-26L
336661166,AH CONFERENCE,RAR-132Aa,SF-26R
336661167,AH CONFERENCE,RAR-132Ba,SF-27B
336661168,AH CONFERENCE,RAR-132Ca,SF-27C
336661169,AH CONFERENCE,RAR-133Aa,SF-28A
336661170,AH CONFERENCE,RAR-133Ba,SF-28B
336661171,AH CONFERENCE,RAR-133Ca,SF-28C
336661172,AH CONFERENCE,RAR-134Aa,SF-29A
336661173,AH CONFERENCE,RAR-134Ba,SF-29B
336661174,AH CONFERENCE,RAR-134Ca,SF-29C
336661175,AH CONFERENCE,RAR-135Aa,SF-30A
336661176,AH CONFERENCE,RAR-135Ba,SF-30B
336661177,AH CONFERENCE,RAR-135Ca,SF-30C
336661178,AH CONFERENCE,RAR-136Aa,SF-31A
336661179,AH CONFERENCE,RAR-136Ba,SF-31B
336661180,AH CONFERENCE,RAR-136Ca,SF-31C
336661181,AH CONFERENCE,RAR-137Aa,SF-32A
336661182,AH CONFERENCE,RAR-137Ba,SF-32B
336661183,AH CONFERENCE,RAR-137Ca,SF-32C
336661184,AH CONFERENCE,RAR-138Aa,SF-33A
336661185,AH CONFERENCE,RAR-138Ba,SF-33B
336661186,AH CONFERENCE,RAR-138Ca,SF-33C
336661187,AH CONFERENCE,RAR-140Aa,SF-34A
336661188,AH CONFERENCE,RAR-140Ba,SF-34B
336661189,AH CONFERENCE,RAR-140Ca,SF-34C
336661190,AH CONFERENCE,RAR-142a,SF-35L
336661191,AH CONFERENCE,RAR-142b,SF-37R
336661192,AH CONFERENCE,RAR-144a,SF-36L
336661193,AH CONFERENCE,RAR-144b,SF-36R
336661194,AH CONFERENCE,RAR-146Aa,SF-37A
336661195,AH CONFERENCE,RAR-146Ba,SF-37B
336661196,AH CONFERENCE,RAR-146Ca,SF-37C
336661197,AH CONFERENCE,RAR-148Aa,SF-38A
336661198,AH CONFERENCE,RAR-148Ba,SF-38B
336661199,AH CONFERENCE,RAR-148Ca,SF-38C
336661200,AH CONFERENCE,RAR-154a,NF-2L
336661201,AH CONFERENCE,RAR-154b,NF-2R
336661202,AH CONFERENCE,RAR-155Aa,NF-3A
336661203,AH CONFERENCE,RAR-155Ba,NF-3B
336661204,AH CONFERENCE,RAR-155Ca,NF-3C
336661205,AH CONFERENCE,RAR-156Aa,NF-4A
336661206,AH CONFERENCE,RAR-156Ba,NF-4B
336661207,AH CONFERENCE,RAR-156Ca,NF-4C
336661208,AH CONFERENCE,RAR-157a,NF-5L
336661209,AH CONFERENCE,RAR-157b,NF-5R
336661210,AH CONFERENCE,RAR-158Aa,NF-6A
336661211,AH CONFERENCE,RAR-158Ba,NF-6B
336661212,AH CONFERENCE,RAR-158Ca,NF-6C
336661213,AH CONFERENCE,RAR-159aR,NF-7L
336661214,AH CONFERENCE,RAR-160Aa,NF-8A
336661215,AH CONFERENCE,RAR-160Ba,NF-8B
336661216,AH CONFERENCE,RAR-160Ca,NF-8C
336661217,AH CONFERENCE,RAR-161Aa,NF-9A
336661218,AH CONFERENCE,RAR-161Ba,NF-9B
336661219,AH CONFERENCE,RAR-161Ca,NF-9C
336661220,AH CONFERENCE,RAR-162Aa,NF-10A
336661221,AH CONFERENCE,RAR-162Ba,NF-10B
336661222,AH CONFERENCE,RAR-162Ca,NF-10C
336661223,AH CONFERENCE,RAR-163Aa,NF-11A
336661224,AH CONFERENCE,RAR-163Ba,NF-11B
336661225,AH CONFERENCE,RAR-163Ca,NF-11C
336661226,AH CONFERENCE,RAR-164a,NF-12L
336661227,AH CONFERENCE,RAR-164b,NF-12R
336661228,AH CONFERENCE,RAR-165Aa,NF-13A
336661229,AH CONFERENCE,RAR-165Ba,NF-13B
336661230,AH CONFERENCE,RAR-165Ca,NF-13C
336661231,AH CONFERENCE,RAR-166Aa,NF-14A
336661232,AH CONFERENCE,RAR-166Ba,NF-14B
336661233,AH CONFERENCE,RAR-166Ca,NF-14C
336661234,AH CONFERENCE,RAR-167Aa,NF-15A
336661235,AH CONFERENCE,RAR-167Ba,NF-15B
336661236,AH CONFERENCE,RAR-167Ca,NF-15C
336661237,AH CONFERENCE,RAR-168Aa,NF-16A
336661238,AH CONFERENCE,RAR-168Ba,NF-16B
336661239,AH CONFERENCE,RAR-168Ca,NF-16C
336661240,AH CONFERENCE,RAR-169a,NF-17L
336661241,AH CONFERENCE,RAR-169b,NF-17R
336661242,AH CONFERENCE,RAR-170a,NF-18L
336661243,AH CONFERENCE,RAR-170b,NF-18R
336661244,AH CONFERENCE,RAR-171Aa,NF-19A
336661245,AH CONFERENCE,RAR-171Ba,NF-19B
336661246,AH CONFERENCE,RAR-171Ca,NF-19C
336661247,AH CONFERENCE,RAR-172Aa,NF-20A
336661248,AH CONFERENCE,RAR-172Ba,NF-20B
336661249,AH CONFERENCE,RAR-172Ca,NF-20C
336661250,AH CONFERENCE,RAR-175Aa,NF-21A
336661251,AH CONFERENCE,RAR-175Ba,NF-21B
336661252,AH CONFERENCE,RAR-175Ca,NF-21C
336661253,AH CONFERENCE,RAR-176a,NF-22L
336661254,AH CONFERENCE,RAR-176b,NF-22R
336661255,AH CONFERENCE,RAR-177a,NF-23L
336661256,AH CONFERENCE,RAR-177b,NF-23R
336661257,AH CONFERENCE,RAR-178Aa,NF-24A
336661258,AH CONFERENCE,RAR-178Ba,NF-24B
336661259,AH CONFERENCE,RAR-178Ca,NF-24C
336661260,AH CONFERENCE,RAR-179aR,NF-25A
336661261,AH CONFERENCE,RAR-180a,NF-26L
336661262,AH CONFERENCE,RAR-180b,NF-26R
336661263,AH CONFERENCE,RAR-181Aa,NF-27A
336661264,AH CONFERENCE,RAR-181Ba,NF-27B
336661265,AH CONFERENCE,RAR-181Ca,NF-27C
336661266,AH CONFERENCE,RAR-182Aa,NF-28A
336661267,AH CONFERENCE,RAR-182Ba,NF-28B
336661268,AH CONFERENCE,RAR-182Ca,NF-28C
336661269,AH CONFERENCE,RAR-183Aa,NF-29A
336661270,AH CONFERENCE,RAR-183Ba,NF-29B
336661271,AH CONFERENCE,RAR-183Ca,NF-29C
336661272,AH CONFERENCE,RAR-184Aa,NF-30A
336661273,AH CONFERENCE,RAR-184Ba,NF-30B
336661274,AH CONFERENCE,RAR-184Ca,NF-30C
336661275,AH CONFERENCE,RAR-185Aa,NF-31A
336661276,AH CONFERENCE,RAR-185Ba,NF-31B
336661277,AH CONFERENCE,RAR-185Ca,NF-31C
336661278,AH CONFERENCE,RAR-186Aa,NF-32A
336661279,AH CONFERENCE,RAR-186Ba,NF-32B
336661280,AH CONFERENCE,RAR-186Ca,NF-32C
336661281,AH CONFERENCE,RAR-188Aa,NF-33A
336661282,AH CONFERENCE,RAR-188Ba,NF-33B
336661283,AH CONFERENCE,RAR-188Ca,NF-33C
336661284,AH CONFERENCE,RAR-190Aa,NF-34A
336661285,AH CONFERENCE,RAR-190Ba,NF-34B
336661286,AH CONFERENCE,RAR-190Ca,NF-34C
336661287,AH CONFERENCE,RAR-192a,NF-35L
336661288,AH CONFERENCE,RAR-192b,NF-35R
336661289,AH CONFERENCE,RAR-194a,NF-36L
336661290,AH CONFERENCE,RAR-194b,NF-36R
336661291,AH CONFERENCE,RAR-196Aa,NF-37A
336661292,AH CONFERENCE,RAR-196Ba,NF-37B
336661293,AH CONFERENCE,RAR-196Ca,NF-37C
336661294,AH CONFERENCE,RAR-198Aa,NF-38A
336661295,AH CONFERENCE,RAR-198Ba,NF-38B
336661296,AH CONFERENCE,RAR-198Ca,NF-38C
336661297,AH CONFERENCE,RAR-202Aa,SS-1A
336661298,AH CONFERENCE,RAR-202Ba,SS-1B
336661299,AH CONFERENCE,RAR-202Ca,SS-1C
336661300,AH CONFERENCE,RAR-204aR,SS-2L
336661301,AH CONFERENCE,RAR-206Aa,SS-3A
336661302,AH CONFERENCE,RAR-206Ba,SS-3B
336661303,AH CONFERENCE,RAR-206Ca,SS-3C
336661304,AH CONFERENCE,RAR-207Aa,SS-4A
336661305,AH CONFERENCE,RAR-207Ba,SS-4B
336661306,AH CONFERENCE,RAR-207Ca,SS-4C
336661307,AH CONFERENCE,RAR-208Aa,SS-5A
336661308,AH CONFERENCE,RAR-208Ba,SS-5B
336661309,AH CONFERENCE,RAR-208Ca,SS-5C
336661310,AH CONFERENCE,RAR-209a,SS-6L
336661311,AH CONFERENCE,RAR-209b,SS-6R
336661312,AH CONFERENCE,RAR-210Aa,SS-7A
336661313,AH CONFERENCE,RAR-210Ba,SS-7B
336661314,AH CONFERENCE,RAR-210Ca,SS-7C
336661315,AH CONFERENCE,RAR-211aR,SS-8A
336661316,AH CONFERENCE,RAR-212Aa,SS-9A
336661317,AH CONFERENCE,RAR-212Ba,SS-9B
336661318,AH CONFERENCE,RAR-212Ca,SS-9C
336661319,AH CONFERENCE,RAR-213Aa,SS-10A
336661320,AH CONFERENCE,RAR-213Ba,SS-10B
336661321,AH CONFERENCE,RAR-213Ca,SS-10C
336661322,AH CONFERENCE,RAR-214a,SS-11L
336661323,AH CONFERENCE,RAR-214b,SS-11R
336661324,AH CONFERENCE,RAR-215Aa,SS-12A
336661325,AH CONFERENCE,RAR-215Ba,SS-12B
336661326,AH CONFERENCE,RAR-215Ca,SS-12C
336661327,AH CONFERENCE,RAR-216Aa,SS-13A
336661328,AH CONFERENCE,RAR-216Ba,SS-13B
336661329,AH CONFERENCE,RAR-216Ca,SS-13C
336661330,AH CONFERENCE,RAR-217Aa,SS-14A
336661331,AH CONFERENCE,RAR-217Ba,SS-14B
336661332,AH CONFERENCE,RAR-217Ca,SS-14C
336661333,AH CONFERENCE,RAR-218Aa,SS-15A
336661334,AH CONFERENCE,RAR-218Ba,SS-15B
336661335,AH CONFERENCE,RAR-218Ca,SS-15C
336661336,AH CONFERENCE,RAR-219Aa,SS-16A
336661337,AH CONFERENCE,RAR-219Ba,SS-16B
336661338,AH CONFERENCE,RAR-219Ca,SS-16C
336661339,AH CONFERENCE,RAR-220a,SS-17L
336661340,AH CONFERENCE,RAR-220b,SS-17R
336661341,AH CONFERENCE,RAR-221a,SS-18L
336661342,AH CONFERENCE,RAR-221b,SS-18R
336661343,AH CONFERENCE,RAR-222Aa,SS-19A
336661344,AH CONFERENCE,RAR-222Ba,SS-19B
336661345,AH CONFERENCE,RAR-222Ca,SS-19C
336661346,AH CONFERENCE,RAR-223Aa,SS-20A
336661347,AH CONFERENCE,RAR-223Ba,SS-20B
336661348,AH CONFERENCE,RAR-223Ca,SS-20C
336661349,AH CONFERENCE,RAR-226a,SS-21L
336661350,AH CONFERENCE,RAR-226b,SS-21R
336661351,AH CONFERENCE,RAR-227Aa,SS-22A
336661352,AH CONFERENCE,RAR-227Ba,SS-22B
336661353,AH CONFERENCE,RAR-227Ca,SS-22C
336661354,AH CONFERENCE,RAR-228Aa,SS-23A
336661355,AH CONFERENCE,RAR-228Ba,SS-23B
336661356,AH CONFERENCE,RAR-228Ca,SS-23C
336661357,AH CONFERENCE,RAR-229a,SS-24L
336661358,AH CONFERENCE,RAR-229b,SS-24R
336661359,AH CONFERENCE,RAR-230a,SS-25L
336661360,AH CONFERENCE,RAR-230b,SS-25R
336661361,AH CONFERENCE,RAR-231aR,SS-26L
336661362,AH CONFERENCE,RAR-232Aa,SS-27A
336661363,AH CONFERENCE,RAR-232Ba,SS-27B
336661364,AH CONFERENCE,RAR-232Ca,SS-27C
336661365,AH CONFERENCE,RAR-233Aa,SS-28A
336661366,AH CONFERENCE,RAR-233Ba,SS-28B
336661367,AH CONFERENCE,RAR-233Ca,SS-28C
336661368,AH CONFERENCE,RAR-234Aa,SS-29A
336661369,AH CONFERENCE,RAR-234Ba,SS-29B
336661370,AH CONFERENCE,RAR-234Ca,SS-29C
336661371,AH CONFERENCE,RAR-235Aa,SS-30A
336661372,AH CONFERENCE,RAR-235Ba,SS-30B
336661373,AH CONFERENCE,RAR-235Ca,SS-30C
336661374,AH CONFERENCE,RAR-236Aa,SS-31A
336661375,AH CONFERENCE,RAR-236Ba,SS-31B
336661376,AH CONFERENCE,RAR-236Ca,SS-31C
336661377,AH CONFERENCE,RAR-237Aa,SS-32A
336661378,AH CONFERENCE,RAR-237Ba,SS-32B
336661379,AH CONFERENCE,RAR-237Ca,SS-32C
336661380,AH CONFERENCE,RAR-238Aa,SS-33A
336661381,AH CONFERENCE,RAR-238Ba,SS-33B
336661382,AH CONFERENCE,RAR-238Ca,SS-33C
336661383,AH CONFERENCE,RAR-240Aa,SS-34A
336661384,AH CONFERENCE,RAR-240Ba,SS-34B
336661385,AH CONFERENCE,RAR-240Ca,SS-34C
336661386,AH CONFERENCE,RAR-242a,SS-35L
336661387,AH CONFERENCE,RAR-242b,SS-35R
336661388,AH CONFERENCE,RAR-244a,SS-36L
336661389,AH CONFERENCE,RAR-244b,SS-36R
336661390,AH CONFERENCE,RAR-246Aa,SS-37A
336661391,AH CONFERENCE,RAR-246Ba,SS-37B
336661392,AH CONFERENCE,RAR-246Ca,SS-37C
336661393,AH CONFERENCE,RAR-248Aa,SS-38A
336661394,AH CONFERENCE,RAR-248Ba,SS-38B
336661395,AH CONFERENCE,RAR-248Ca,SS-38C
336661396,AH CONFERENCE,RAR-252Aa,NS-1A
336661397,AH CONFERENCE,RAR-252Ba,NS-1B
336661398,AH CONFERENCE,RAR-252Ca,NS-1C
336661399,AH CONFERENCE,RAR-254a,NS-2A
336661400,AH CONFERENCE,RAR-254b,NS-2B
336661401,AH CONFERENCE,RAR-255Aa,NS-3A
336661402,AH CONFERENCE,RAR-255Ba,NS-3B
336661403,AH CONFERENCE,RAR-255Ca,NS-3C
336661404,AH CONFERENCE,RAR-256Aa,NS-4A
336661405,AH CONFERENCE,RAR-256Ba,NS-4B
336661406,AH CONFERENCE,RAR-256Ca,NS-4C
336661407,AH CONFERENCE,RAR-257a,NS-5L
336661408,AH CONFERENCE,RAR-257b,NS-5R
336661409,AH CONFERENCE,RAR-258Aa,NS-6A
336661410,AH CONFERENCE,RAR-258Ba,NS-6B
336661411,AH CONFERENCE,RAR-258Ca,NS-6C
336661412,AH CONFERENCE,RAR-259aR,NS-7L
336661413,AH CONFERENCE,RAR-260Aa,NS-8A
336661414,AH CONFERENCE,RAR-260Ba,NS-8B
336661415,AH CONFERENCE,RAR-260Ca,NS-8C
336661416,AH CONFERENCE,RAR-261Aa,NS-9A
336661417,AH CONFERENCE,RAR-261Ba,NS-9B
336661418,AH CONFERENCE,RAR-261Ca,NS-9C
336661419,AH CONFERENCE,RAR-262Aa,NS-10A
336661420,AH CONFERENCE,RAR-262Ba,NS-10B
336661421,AH CONFERENCE,RAR-262Ca,NS-10C
336661422,AH CONFERENCE,RAR-263Aa,NS-11A
336661423,AH CONFERENCE,RAR-263Ba,NS-11B
336661424,AH CONFERENCE,RAR-263Ca,NS-11C
336661425,AH CONFERENCE,RAR-264a,NS-12L
336661426,AH CONFERENCE,RAR-264b,NS-12R
336661427,AH CONFERENCE,RAR-265Aa,NS-13A
336661428,AH CONFERENCE,RAR-265Ba,NS-13B
336661429,AH CONFERENCE,RAR-265Ca,NS-13C
336661430,AH CONFERENCE,RAR-266Aa,NS-14A
336661431,AH CONFERENCE,RAR-266Ba,NS-14B
336661432,AH CONFERENCE,RAR-266Ca,NS-14C
336661433,AH CONFERENCE,RAR-267Aa,NS-15A
336661434,AH CONFERENCE,RAR-267Ba,NS-15B
336661435,AH CONFERENCE,RAR-267Ca,NS-15C
336661436,AH CONFERENCE,RAR-268Aa,NS-16A
336661437,AH CONFERENCE,RAR-268Ba,NS-16B
336661438,AH CONFERENCE,RAR-268Ca,NS-16C
336661439,AH CONFERENCE,RAR-269a,NS-17L
336661440,AH CONFERENCE,RAR-269b,NS-17R
336661441,AH CONFERENCE,RAR-270a,NS-18L
336661442,AH CONFERENCE,RAR-270b,NS-18R
336661443,AH CONFERENCE,RAR-271Aa,NS-19A
336661444,AH CONFERENCE,RAR-271Ba,NS-19B
336661445,AH CONFERENCE,RAR-271Ca,NS-19C
336661446,AH CONFERENCE,RAR-272Aa,NS-20A
336661447,AH CONFERENCE,RAR-272Ba,NS-20B
336661448,AH CONFERENCE,RAR-272Ca,NS-20C
336661449,AH CONFERENCE,RAR-275Aa,NS-21A
336661450,AH CONFERENCE,RAR-275Ba,NS-21B
336661451,AH CONFERENCE,RAR-275Ca,NS-21C
336661452,AH CONFERENCE,RAR-276a,NS-22L
336661453,AH CONFERENCE,RAR-276b,NS-22R
336661454,AH CONFERENCE,RAR-277a,NS-23L
336661455,AH CONFERENCE,RAR-277b,NS-23R
336661456,AH CONFERENCE,RAR-278Aa,NS-24A
336661457,AH CONFERENCE,RAR-278Ba,NS-24B
336661458,AH CONFERENCE,RAR-278Ca,NS-24C
336661459,AH CONFERENCE,RAR-279aR,NS-25L
336661460,AH CONFERENCE,RAR-280a,NS-26L
336661461,AH CONFERENCE,RAR-280b,NS-26R
336661462,AH CONFERENCE,RAR-281Aa,NS-27A
336661463,AH CONFERENCE,RAR-281Ba,NS-27B
336661464,AH CONFERENCE,RAR-281Ca,NS-27C
336661465,AH CONFERENCE,RAR-282Aa,NS-28A
336661466,AH CONFERENCE,RAR-282Ba,NS-28B
336661467,AH CONFERENCE,RAR-282Ca,NS-28C
336661468,AH CONFERENCE,RAR-283Aa,NS-29A
336661469,AH CONFERENCE,RAR-283Ba,NS-29B
336661470,AH CONFERENCE,RAR-283Ca,NS-29C
336661471,AH CONFERENCE,RAR-284Aa,NS-30A
336661472,AH CONFERENCE,RAR-284Ba,NS-30B
336661473,AH CONFERENCE,RAR-284Ca,NS-30C
336661474,AH CONFERENCE,RAR-285Aa,NS-31A
336661475,AH CONFERENCE,RAR-285Ba,NS-31B
336661476,AH CONFERENCE,RAR-285Ca,NS-31C
336661477,AH CONFERENCE,RAR-286Aa,NS-32A
336661478,AH CONFERENCE,RAR-286Ba,NS-32B
336661479,AH CONFERENCE,RAR-286Ca,NS-32C
336661480,AH CONFERENCE,RAR-288Aa,NS-33A
336661481,AH CONFERENCE,RAR-288Ba,NS-33B
336661482,AH CONFERENCE,RAR-288Ca,NS-33C
336661483,AH CONFERENCE,RAR-290Aa,NS-34A
336661484,AH CONFERENCE,RAR-290Ba,NS-34B
336661485,AH CONFERENCE,RAR-290Ca,NS-34C
336661486,AH CONFERENCE,RAR-292a,NS-35L
336661487,AH CONFERENCE,RAR-292b,NS-35R
336661488,AH CONFERENCE,RAR-294a,NS-36L
336661489,AH CONFERENCE,RAR-294b,NS-36R
336661490,AH CONFERENCE,RAR-296Aa,NS-37A
336661491,AH CONFERENCE,RAR-296Ba,NS-37C
336661492,AH CONFERENCE,RAR-296Ca,NS-37C
336661493,AH CONFERENCE,RAR-298Aa,NS-38A
336661494,AH CONFERENCE,RAR-298Ba,NS-38B
336661495,AH CONFERENCE,RAR-298Ca,NS-38C
336661496,AH CONFERENCE,RAR-302Aa,ST-1A
336661497,AH CONFERENCE,RAR-302Ba,ST-1B
336661498,AH CONFERENCE,RAR-302Ca,ST-1C
336661499,AH CONFERENCE,RAR-304a,ST-2L
336661500,AH CONFERENCE,RAR-304b,ST-2R
336661501,AH CONFERENCE,RAR-306Aa,ST-3A
336661502,AH CONFERENCE,RAR-306Ba,ST-3B
336661503,AH CONFERENCE,RAR-306Ca,ST-3C
336661504,AH CONFERENCE,RAR-307Aa,ST-4A
336661505,AH CONFERENCE,RAR-307Ba,ST-4B
336661506,AH CONFERENCE,RAR-307Ca,ST-4C
336661507,AH CONFERENCE,RAR-308Aa,ST-5A
336661508,AH CONFERENCE,RAR-308Ba,ST-5B
336661509,AH CONFERENCE,RAR-308Ca,ST-5C
336661510,AH CONFERENCE,RAR-309a,ST-6L
336661511,AH CONFERENCE,RAR-309b,ST-6R
336661512,AH CONFERENCE,RAR-310Aa,ST-7A
336661513,AH CONFERENCE,RAR-310Ba,ST-7B
336661514,AH CONFERENCE,RAR-310Ca,ST-7C
336661515,AH CONFERENCE,RAR-311aR,ST-8L
336661516,AH CONFERENCE,RAR-312Aa,ST-9A
336661517,AH CONFERENCE,RAR-312Ba,ST-9B
336661518,AH CONFERENCE,RAR-312Ca,ST-9C
336661519,AH CONFERENCE,RAR-313Aa,ST-10A
336661520,AH CONFERENCE,RAR-313Ba,ST-10B
336661521,AH CONFERENCE,RAR-313Ca,ST-10C
336661522,AH CONFERENCE,RAR-314a,ST-11L
336661523,AH CONFERENCE,RAR-314b,ST-11R
336661524,AH CONFERENCE,RAR-315Aa,ST-12A
336661525,AH CONFERENCE,RAR-315Ba,ST-12B
336661526,AH CONFERENCE,RAR-315Ca,ST-12C
336661527,AH CONFERENCE,RAR-316Aa,ST-13A
336661528,AH CONFERENCE,RAR-316Ba,ST-13B
336661529,AH CONFERENCE,RAR-316Ca,ST-13C
336661530,AH CONFERENCE,RAR-317Aa,ST-14A
336661531,AH CONFERENCE,RAR-317Ba,ST-14B
336661532,AH CONFERENCE,RAR-317Ca,ST-14C
336661533,AH CONFERENCE,RAR-318Aa,ST-15A
336661534,AH CONFERENCE,RAR-318Ba,ST-15B
336661535,AH CONFERENCE,RAR-318Ca,ST-15C
336661536,AH CONFERENCE,RAR-319Aa,ST-16A
336661537,AH CONFERENCE,RAR-319Ba,ST-16B
336661538,AH CONFERENCE,RAR-319Ca,ST-16C
336661539,AH CONFERENCE,RAR-320a,ST-17L
336661540,AH CONFERENCE,RAR-320b,ST-17R
336661541,AH CONFERENCE,RAR-321a,ST-18L
336661542,AH CONFERENCE,RAR-321b,ST-18R
336661543,AH CONFERENCE,RAR-322Aa,ST-19A
336661544,AH CONFERENCE,RAR-322Ba,ST-19B
336661545,AH CONFERENCE,RAR-322Ca,ST-19C
336661546,AH CONFERENCE,RAR-323Aa,ST-20A
336661547,AH CONFERENCE,RAR-323Ba,ST-20B
336661548,AH CONFERENCE,RAR-323Ca,ST-20C
336661549,AH CONFERENCE,RAR-326a,ST-21L
336661550,AH CONFERENCE,RAR-326b,ST-21R
336661551,AH CONFERENCE,RAR-327Aa,ST-22A
336661552,AH CONFERENCE,RAR-327Ba,ST-22B
336661553,AH CONFERENCE,RAR-327Ca,ST-22C
336661554,AH CONFERENCE,RAR-328Aa,ST-23A
336661555,AH CONFERENCE,RAR-328Ba,ST-23B
336661556,AH CONFERENCE,RAR-328Ca,ST-23C
336661557,AH CONFERENCE,RAR-329a,ST-24L
336661558,AH CONFERENCE,RAR-329b,ST-24R
336661559,AH CONFERENCE,RAR-330a,ST-25L
336661560,AH CONFERENCE,RAR-330b,ST-25R
336661561,AH CONFERENCE,RAR-331aR,ST-26L
336661562,AH CONFERENCE,RAR-332Aa,ST-27A
336661563,AH CONFERENCE,RAR-332Ba,ST-27B
336661564,AH CONFERENCE,RAR-332Ca,ST-27C
336661565,AH CONFERENCE,RAR-333Aa,ST-28A
336661566,AH CONFERENCE,RAR-333Ba,ST-28B
336661567,AH CONFERENCE,RAR-333Ca,ST-28C
336661568,AH CONFERENCE,RAR-334Aa,ST-29A
336661569,AH CONFERENCE,RAR-334Ba,ST-29B
336661570,AH CONFERENCE,RAR-334Ca,ST-29C
336661571,AH CONFERENCE,RAR-335Aa,ST-30A
336661572,AH CONFERENCE,RAR-335Ba,ST-30B
336661573,AH CONFERENCE,RAR-335Ca,ST-30C
336661574,AH CONFERENCE,RAR-336Aa,ST-31A
336661575,AH CONFERENCE,RAR-336Ba,ST-31B
336661576,AH CONFERENCE,RAR-336Ca,ST-31C
336661577,AH CONFERENCE,RAR-337Aa,ST-32A
336661578,AH CONFERENCE,RAR-337Ba,ST-32B
336661579,AH CONFERENCE,RAR-337Ca,ST-32C
336661580,AH CONFERENCE,RAR-338Aa,ST-33A
336661581,AH CONFERENCE,RAR-338Ba,ST-33B
336661582,AH CONFERENCE,RAR-338Ca,ST-33C
336661583,AH CONFERENCE,RAR-340Aa,ST-34A
336661584,AH CONFERENCE,RAR-340Ba,ST-34B
336661585,AH CONFERENCE,RAR-340Ca,ST-34C
336661586,AH CONFERENCE,RAR-342a,ST-35L
336661587,AH CONFERENCE,RAR-342b,ST-35R
336661588,AH CONFERENCE,RAR-344a,ST-36L
336661589,AH CONFERENCE,RAR-344b,ST-36R
336661590,AH CONFERENCE,RAR-346Aa,ST-37A
336661591,AH CONFERENCE,RAR-346Ba,ST-37B
336661592,AH CONFERENCE,RAR-346Ca,ST-37C
336661593,AH CONFERENCE,RAR-348Aa,ST-38A
336661594,AH CONFERENCE,RAR-348Ba,ST-38B
336661595,AH CONFERENCE,RAR-348Ca,ST-38C
336661596,AH CONFERENCE,RAR-352Aa,NT-1A
336661597,AH CONFERENCE,RAR-352Ba,NT-1B
336661598,AH CONFERENCE,RAR-352Ca,NT-1C
336661599,AH CONFERENCE,RAR-354a,NT-2L
336661600,AH CONFERENCE,RAR-354b,NT-2R
336661601,AH CONFERENCE,RAR-355Aa,NT-3A
336661602,AH CONFERENCE,RAR-355Ba,NT-3B
336661603,AH CONFERENCE,RAR-355Ca,NT-3C
336661604,AH CONFERENCE,RAR-356Aa,NT-4A
336661605,AH CONFERENCE,RAR-356Ba,NT-4B
336661606,AH CONFERENCE,RAR-356Ca,NT-4C
336661607,AH CONFERENCE,RAR-357a,NT-5L
336661608,AH CONFERENCE,RAR-357b,NT-5R
336661609,AH CONFERENCE,RAR-358Aa,NT-6A
336661610,AH CONFERENCE,RAR-358Ba,NT-6B
336661611,AH CONFERENCE,RAR-358Ca,NT-6C
336661612,AH CONFERENCE,RAR-359aR,NT-7A
336661613,AH CONFERENCE,RAR-360Aa,NT-8A
336661614,AH CONFERENCE,RAR-360Ba,NT-8B
336661615,AH CONFERENCE,RAR-360Ca,NT-8C
336661616,AH CONFERENCE,RAR-361Aa,NT-9A
336661617,AH CONFERENCE,RAR-361Ba,NT-9B
336661618,AH CONFERENCE,RAR-361Ca,NT-9C
336661619,AH CONFERENCE,RAR-362Aa,NT-10A
336661620,AH CONFERENCE,RAR-362Ba,NT-10B
336661621,AH CONFERENCE,RAR-362Ca,NT-10C
336661622,AH CONFERENCE,RAR-363Aa,NT-11A
336661623,AH CONFERENCE,RAR-363Ba,NT-11B
336661624,AH CONFERENCE,RAR-363Ca,NT-11C
336661625,AH CONFERENCE,RAR-364a,NT-12L
336661626,AH CONFERENCE,RAR-364b,NT-12R
336661627,AH CONFERENCE,RAR-365Aa,NT-13A
336661628,AH CONFERENCE,RAR-365Ba,NT-13B
336661629,AH CONFERENCE,RAR-365Ca,NT-13C
336661630,AH CONFERENCE,RAR-366Aa,NT-14A
336661631,AH CONFERENCE,RAR-366Ba,NT-14B
336661632,AH CONFERENCE,RAR-366Ca,NT-14C
336661633,AH CONFERENCE,RAR-367Aa,NT-15A
336661634,AH CONFERENCE,RAR-367Ba,NT-15B
336661635,AH CONFERENCE,RAR-367Ca,NT-15C
336661636,AH CONFERENCE,RAR-368Aa,NT-16A
336661637,AH CONFERENCE,RAR-368Ba,NT-16B
336661638,AH CONFERENCE,RAR-368Ca,NT-16C
336661639,AH CONFERENCE,RAR-369a,NT-17L
336661640,AH CONFERENCE,RAR-369b,NT-17R
336661641,AH CONFERENCE,RAR-370a,NT-18L
336661642,AH CONFERENCE,RAR-370b,NT-18R
336661643,AH CONFERENCE,RAR-371Aa,NT-19A
336661644,AH CONFERENCE,RAR-371Ba,NT-19B
336661645,AH CONFERENCE,RAR-371Ca,NT-19C
336661646,AH CONFERENCE,RAR-372Aa,NT-20A
336661647,AH CONFERENCE,RAR-372Ba,NT-20B
336661648,AH CONFERENCE,RAR-372Ca,NT-20C
336661649,AH CONFERENCE,RAR-375Aa,NT-21A
336661650,AH CONFERENCE,RAR-375Ba,NT-21B
336661651,AH CONFERENCE,RAR-375Ca,NT-21C
336661652,AH CONFERENCE,RAR-376a,NT-22L
336661653,AH CONFERENCE,RAR-376b,NT-22R
336661654,AH CONFERENCE,RAR-377a,NT-23L
336661655,AH CONFERENCE,RAR-377b,NT-23R
336661656,AH CONFERENCE,RAR-378Aa,NT-24A
336661657,AH CONFERENCE,RAR-378Ba,NT-24B
336661658,AH CONFERENCE,RAR-378Ca,NT-24C
336661659,AH CONFERENCE,RAR-379aR,NT-25A
336661660,AH CONFERENCE,RAR-380a,NT-26L
336661661,AH CONFERENCE,RAR-380b,NT-26R
336661662,AH CONFERENCE,RAR-381Aa,NT-27A
336661663,AH CONFERENCE,RAR-381Ba,NT-27B
336661664,AH CONFERENCE,RAR-381Ca,NT-27C
336661665,AH CONFERENCE,RAR-382Aa,NT-28A
336661666,AH CONFERENCE,RAR-382Ba,NT-28B
336661667,AH CONFERENCE,RAR-382Ca,NT-28C
336661668,AH CONFERENCE,RAR-383Aa,NT-29A
336661669,AH CONFERENCE,RAR-383Ba,NT-29B
336661670,AH CONFERENCE,RAR-383Ca,NT-29C
336661671,AH CONFERENCE,RAR-384Aa,NT-30A
336661672,AH CONFERENCE,RAR-384Ba,NT-30B
336661673,AH CONFERENCE,RAR-384Ca,NT-30C
336661674,AH CONFERENCE,RAR-385Aa,NT-31A
336661675,AH CONFERENCE,RAR-385Ba,NT-31B
336661676,AH CONFERENCE,RAR-385Ca,NT-31C
336661677,AH CONFERENCE,RAR-386Aa,NT-32A
336661678,AH CONFERENCE,RAR-386Ba,NT-32B
336661679,AH CONFERENCE,RAR-386Ca,NT-32C
336661680,AH CONFERENCE,RAR-388Aa,NT-33A
336661681,AH CONFERENCE,RAR-388Ba,NT-33B
336661682,AH CONFERENCE,RAR-388Ca,NT-33C
336661683,AH CONFERENCE,RAR-390Aa,NT-34A
336661684,AH CONFERENCE,RAR-390Ba,NT-34B
336661685,AH CONFERENCE,RAR-390Ca,NT-34C
336661686,AH CONFERENCE,RAR-392a,NT-35L
336661687,AH CONFERENCE,RAR-392b,NT-35R
336661688,AH CONFERENCE,RAR-394a,NT-36L
336661689,AH CONFERENCE,RAR-394b,NT-36R
336661690,AH CONFERENCE,RAR-396Aa,NT-37A
336661691,AH CONFERENCE,RAR-396Ba,NT-37B
336661692,AH CONFERENCE,RAR-396Ca,NT-37C
336661693,AH CONFERENCE,RAR-398Aa,NT-38A
336661694,AH CONFERENCE,RAR-398Ba,NT-38B
336661695,AH CONFERENCE,RAR-398Ca,NT-38C
336661696,AH SPARE CONFERENCE,RAR-102Aa,SF-1A
336661697,AH SPARE CONFERENCE,RAR-102Ba,SF-1B
336661698,AH SPARE CONFERENCE,RAR-102Ca,SF-1C
336661699,AH SPARE CONFERENCE,RAR-104a,SF-2L
336661700,AH SPARE CONFERENCE,RAR-104b,SF-2R
336661701,AH SPARE CONFERENCE,RAR-106Aa,SF-3A
336661702,AH SPARE CONFERENCE,RAR-106Ba,SF-3B
336661703,AH SPARE CONFERENCE,RAR-106Ca,SF-3C
336661704,AH SPARE CONFERENCE,RAR-107Aa,SF-4A
336661705,AH SPARE CONFERENCE,RAR-107Ba,SF-4B
336661706,AH SPARE CONFERENCE,RAR-107Ca,SF-4C
336661707,AH SPARE CONFERENCE,RAR-108Aa,SF-5A
336661708,AH SPARE CONFERENCE,RAR-108Ba,SF-5B
336661709,AH SPARE CONFERENCE,RAR-108Ca,SF-5C
336661710,AH SPARE CONFERENCE,RAR-109a,SF-6L
336661711,AH SPARE CONFERENCE,RAR-109b,SF-6R
336661712,AH SPARE CONFERENCE,RAR-110Aa,SF-7A
336661713,AH SPARE CONFERENCE,RAR-110Ba,SF-7B
336661714,AH SPARE CONFERENCE,RAR-110Ca,SF-7C
336661715,AH SPARE CONFERENCE,RAR-111aR,SF-8L
336661716,AH SPARE CONFERENCE,RAR-112Aa,SF-9A
336661717,AH SPARE CONFERENCE,RAR-112Ba,SF-9B
336661718,AH SPARE CONFERENCE,RAR-112Ca,SF-9C
336661719,AH SPARE CONFERENCE,RAR-113Aa,SF-10A
336661720,AH SPARE CONFERENCE,RAR-113Ba,SF-10B
336661721,AH SPARE CONFERENCE,RAR-113Ca,SF-10C
336661722,AH SPARE CONFERENCE,RAR-114a,SF-11L
336661723,AH SPARE CONFERENCE,RAR-114b,SF-11R
336661724,AH SPARE CONFERENCE,RAR-115Aa,SF-12A
336661725,AH SPARE CONFERENCE,RAR-115Ba,SF-12B
336661726,AH SPARE CONFERENCE,RAR-115Ca,SF-12C
336661727,AH SPARE CONFERENCE,RAR-116Aa,SF-13A
336661728,AH SPARE CONFERENCE,RAR-116Ba,SF-13B
336661729,AH SPARE CONFERENCE,RAR-116Ca,SF-13C
336661730,AH SPARE CONFERENCE,RAR-117Aa,SF-14A
336661731,AH SPARE CONFERENCE,RAR-117Ba,SF-14B
336661732,AH SPARE CONFERENCE,RAR-117Ca,SF-14C
336661733,AH SPARE CONFERENCE,RAR-118Aa,SF-15A
336661734,AH SPARE CONFERENCE,RAR-118Ba,SF-15B
336661735,AH SPARE CONFERENCE,RAR-118Ca,SF-15C
336661736,AH SPARE CONFERENCE,RAR-119Aa,SF-16A
336661737,AH SPARE CONFERENCE,RAR-119Ba,SF-16B
336661738,AH SPARE CONFERENCE,RAR-119Ca,SF-16C
336661739,AH SPARE CONFERENCE,RAR-120a,SF-17L
336661740,AH SPARE CONFERENCE,RAR-120b,SF-17R
336661741,AH SPARE CONFERENCE,RAR-121a,SF-18L
336661742,AH SPARE CONFERENCE,RAR-121b,SF-18R
336661743,AH SPARE CONFERENCE,RAR-122Aa,SF-19A
336661744,AH SPARE CONFERENCE,RAR-122Ba,SF-19B
336661745,AH SPARE CONFERENCE,RAR-122Ca,SF-19C
336661746,AH SPARE CONFERENCE,RAR-123Aa,SF-20A
336661747,AH SPARE CONFERENCE,RAR-123Ba,SF-20B
336661748,AH SPARE CONFERENCE,RAR-123Ca,SF-20C
336661749,AH SPARE CONFERENCE,RAR-126a,SF-21L
336661750,AH SPARE CONFERENCE,RAR-126b,SF-21R
336661751,AH SPARE CONFERENCE,RAR-127Aa,SF-22A
336661752,AH SPARE CONFERENCE,RAR-127Ba,SF-22B
336661753,AH SPARE CONFERENCE,RAR-127Ca,SF-22C
336661754,AH SPARE CONFERENCE,RAR-128Aa,SF-23A
336661755,AH SPARE CONFERENCE,RAR-128Ba,SF-23B
336661756,AH SPARE CONFERENCE,RAR-128Ca,SF-23C
336661757,AH SPARE CONFERENCE,RAR-129a,SF-24L
336661758,AH SPARE CONFERENCE,RAR-129b,SF-24R
336661759,AH SPARE CONFERENCE,RAR-130a,SF-25L
336661760,AH SPARE CONFERENCE,RAR-130b,SF-25R
336661761,AH SPARE CONFERENCE,RAR-131aR,SF-26L
336661762,AH SPARE CONFERENCE,RAR-132Aa,SF-26R
336661763,AH SPARE CONFERENCE,RAR-132Ba,SF-27B
336661764,AH SPARE CONFERENCE,RAR-132Ca,SF-27C
336661765,AH SPARE CONFERENCE,RAR-133Aa,SF-28A
336661766,AH SPARE CONFERENCE,RAR-133Ba,SF-28B
336661767,AH SPARE CONFERENCE,RAR-133Ca,SF-28C
336661768,AH SPARE CONFERENCE,RAR-134Aa,SF-29A
336661769,AH SPARE CONFERENCE,RAR-134Ba,SF-29B
336661770,AH SPARE CONFERENCE,RAR-134Ca,SF-29C
336661771,AH SPARE CONFERENCE,RAR-135Aa,SF-30A
336661772,AH SPARE CONFERENCE,RAR-135Ba,SF-30B
336661773,AH SPARE CONFERENCE,RAR-135Ca,SF-30C
336661774,AH SPARE CONFERENCE,RAR-136Aa,SF-31A
336661775,AH SPARE CONFERENCE,RAR-136Ba,SF-31B
336661776,AH SPARE CONFERENCE,RAR-136Ca,SF-31C
336661777,AH SPARE CONFERENCE,RAR-137Aa,SF-32A
336661778,AH SPARE CONFERENCE,RAR-137Ba,SF-32B
336661779,AH SPARE CONFERENCE,RAR-137Ca,SF-32C
336661780,AH SPARE CONFERENCE,RAR-138Aa,SF-33A
336661781,AH SPARE CONFERENCE,RAR-138Ba,SF-33B
336661782,AH SPARE CONFERENCE,RAR-138Ca,SF-33C
336661783,AH SPARE CONFERENCE,RAR-140Aa,SF-34A
336661784,AH SPARE CONFERENCE,RAR-140Ba,SF-34B
336661785,AH SPARE CONFERENCE,RAR-140Ca,SF-34C
336661786,AH SPARE CONFERENCE,RAR-142a,SF-35L
336661787,AH SPARE CONFERENCE,RAR-142b,SF-37R
336661788,AH SPARE CONFERENCE,RAR-144a,SF-36L
336661789,AH SPARE CONFERENCE,RAR-144b,SF-36R
336661790,AH SPARE CONFERENCE,RAR-146Aa,SF-37A
336661791,AH SPARE CONFERENCE,RAR-146Ba,SF-37B
336661792,AH SPARE CONFERENCE,RAR-146Ca,SF-37C
336661793,AH SPARE CONFERENCE,RAR-148Aa,SF-38A
336661794,AH SPARE CONFERENCE,RAR-148Ba,SF-38B
336661795,AH SPARE CONFERENCE,RAR-148Ca,SF-38C
336661796,AH SPARE CONFERENCE,RAR-154a,NF-2L
336661797,AH SPARE CONFERENCE,RAR-154b,NF-2R
336661798,AH SPARE CONFERENCE,RAR-155Aa,NF-3A
336661799,AH SPARE CONFERENCE,RAR-155Ba,NF-3B
336661800,AH SPARE CONFERENCE,RAR-155Ca,NF-3C
336661801,AH SPARE CONFERENCE,RAR-156Aa,NF-4A
336661802,AH SPARE CONFERENCE,RAR-156Ba,NF-4B
336661803,AH SPARE CONFERENCE,RAR-156Ca,NF-4C
336661804,AH SPARE CONFERENCE,RAR-157a,NF-5L
336661805,AH SPARE CONFERENCE,RAR-157b,NF-5R
336661806,AH SPARE CONFERENCE,RAR-158Aa,NF-6A
336661807,AH SPARE CONFERENCE,RAR-158Ba,NF-6B
336661808,AH SPARE CONFERENCE,RAR-158Ca,NF-6C
336661809,AH SPARE CONFERENCE,RAR-159aR,NF-7L
336661810,AH SPARE CONFERENCE,RAR-160Aa,NF-8A
336661811,AH SPARE CONFERENCE,RAR-160Ba,NF-8B
336661812,AH SPARE CONFERENCE,RAR-160Ca,NF-8C
336661813,AH SPARE CONFERENCE,RAR-161Aa,NF-9A
336661814,AH SPARE CONFERENCE,RAR-161Ba,NF-9B
336661815,AH SPARE CONFERENCE,RAR-161Ca,NF-9C
336661816,AH SPARE CONFERENCE,RAR-162Aa,NF-10A
336661817,AH SPARE CONFERENCE,RAR-162Ba,NF-10B
336661818,AH SPARE CONFERENCE,RAR-162Ca,NF-10C
336661819,AH SPARE CONFERENCE,RAR-163Aa,NF-11A
336661820,AH SPARE CONFERENCE,RAR-163Ba,NF-11B
336661821,AH SPARE CONFERENCE,RAR-163Ca,NF-11C
336661822,AH SPARE CONFERENCE,RAR-164a,NF-12L
336661823,AH SPARE CONFERENCE,RAR-164b,NF-12R
336661824,AH SPARE CONFERENCE,RAR-165Aa,NF-13A
336661825,AH SPARE CONFERENCE,RAR-165Ba,NF-13B
336661826,AH SPARE CONFERENCE,RAR-165Ca,NF-13C
336661827,AH SPARE CONFERENCE,RAR-166Aa,NF-14A
336661828,AH SPARE CONFERENCE,RAR-166Ba,NF-14B
336661829,AH SPARE CONFERENCE,RAR-166Ca,NF-14C
336661830,AH SPARE CONFERENCE,RAR-167Aa,NF-15A
336661831,AH SPARE CONFERENCE,RAR-167Ba,NF-15B
336661832,AH SPARE CONFERENCE,RAR-167Ca,NF-15C
336661833,AH SPARE CONFERENCE,RAR-168Aa,NF-16A
336661834,AH SPARE CONFERENCE,RAR-168Ba,NF-16B
336661835,AH SPARE CONFERENCE,RAR-168Ca,NF-16C
336661836,AH SPARE CONFERENCE,RAR-169a,NF-17L
336661837,AH SPARE CONFERENCE,RAR-169b,NF-17R
336661838,AH SPARE CONFERENCE,RAR-170a,NF-18L
336661839,AH SPARE CONFERENCE,RAR-170b,NF-18R
336661840,AH SPARE CONFERENCE,RAR-171Aa,NF-19A
336661841,AH SPARE CONFERENCE,RAR-171Ba,NF-19B
336661842,AH SPARE CONFERENCE,RAR-171Ca,NF-19C
336661843,AH SPARE CONFERENCE,RAR-172Aa,NF-20A
336661844,AH SPARE CONFERENCE,RAR-172Ba,NF-20B
336661845,AH SPARE CONFERENCE,RAR-172Ca,NF-20C
336661846,AH SPARE CONFERENCE,RAR-175Aa,NF-21A
336661847,AH SPARE CONFERENCE,RAR-175Ba,NF-21B
336661848,AH SPARE CONFERENCE,RAR-175Ca,NF-21C
336661849,AH SPARE CONFERENCE,RAR-176a,NF-22L
336661850,AH SPARE CONFERENCE,RAR-176b,NF-22R
336661851,AH SPARE CONFERENCE,RAR-177a,NF-23L
336661852,AH SPARE CONFERENCE,RAR-177b,NF-23R
336661853,AH SPARE CONFERENCE,RAR-178Aa,NF-24A
336661854,AH SPARE CONFERENCE,RAR-178Ba,NF-24B
336661855,AH SPARE CONFERENCE,RAR-178Ca,NF-24C
336661856,AH SPARE CONFERENCE,RAR-179aR,NF-25A
336661857,AH SPARE CONFERENCE,RAR-180a,NF-26L
336661858,AH SPARE CONFERENCE,RAR-180b,NF-26R
336661859,AH SPARE CONFERENCE,RAR-181Aa,NF-27A
336661860,AH SPARE CONFERENCE,RAR-181Ba,NF-27B
336661861,AH SPARE CONFERENCE,RAR-181Ca,NF-27C
336661862,AH SPARE CONFERENCE,RAR-182Aa,NF-28A
336661863,AH SPARE CONFERENCE,RAR-182Ba,NF-28B
336661864,AH SPARE CONFERENCE,RAR-182Ca,NF-28C
336661865,AH SPARE CONFERENCE,RAR-183Aa,NF-29A
336661866,AH SPARE CONFERENCE,RAR-183Ba,NF-29B
336661867,AH SPARE CONFERENCE,RAR-183Ca,NF-29C
336661868,AH SPARE CONFERENCE,RAR-184Aa,NF-30A
336661869,AH SPARE CONFERENCE,RAR-184Ba,NF-30B
336661870,AH SPARE CONFERENCE,RAR-184Ca,NF-30C
336661871,AH SPARE CONFERENCE,RAR-185Aa,NF-31A
336661872,AH SPARE CONFERENCE,RAR-185Ba,NF-31B
336661873,AH SPARE CONFERENCE,RAR-185Ca,NF-31C
336661874,AH SPARE CONFERENCE,RAR-186Aa,NF-32A
336661875,AH SPARE CONFERENCE,RAR-186Ba,NF-32B
336661876,AH SPARE CONFERENCE,RAR-186Ca,NF-32C
336661877,AH SPARE CONFERENCE,RAR-188Aa,NF-33A
336661878,AH SPARE CONFERENCE,RAR-188Ba,NF-33B
336661879,AH SPARE CONFERENCE,RAR-188Ca,NF-33C
336661880,AH SPARE CONFERENCE,RAR-190Aa,NF-34A
336661881,AH SPARE CONFERENCE,RAR-190Ba,NF-34B
336661882,AH SPARE CONFERENCE,RAR-190Ca,NF-34C
336661883,AH SPARE CONFERENCE,RAR-192a,NF-35L
336661884,AH SPARE CONFERENCE,RAR-192b,NF-35R
336661885,AH SPARE CONFERENCE,RAR-194a,NF-36L
336661886,AH SPARE CONFERENCE,RAR-194b,NF-36R
336661887,AH SPARE CONFERENCE,RAR-196Aa,NF-37A
336661888,AH SPARE CONFERENCE,RAR-196Ba,NF-37B
336661889,AH SPARE CONFERENCE,RAR-196Ca,NF-37C
336661890,AH SPARE CONFERENCE,RAR-198Aa,NF-38A
336661891,AH SPARE CONFERENCE,RAR-198Ba,NF-38B
336661892,AH SPARE CONFERENCE,RAR-198Ca,NF-38C
336661893,AH SPARE CONFERENCE,RAR-202Aa,SS-1A
336661894,AH SPARE CONFERENCE,RAR-202Ba,SS-1B
336661895,AH SPARE CONFERENCE,RAR-202Ca,SS-1C
336661896,AH SPARE CONFERENCE,RAR-204aR,SS-2L
336661897,AH SPARE CONFERENCE,RAR-206Aa,SS-3A
336661898,AH SPARE CONFERENCE,RAR-206Ba,SS-3B
336661899,AH SPARE CONFERENCE,RAR-206Ca,SS-3C
336661900,AH SPARE CONFERENCE,RAR-207Aa,SS-4A
336661901,AH SPARE CONFERENCE,RAR-207Ba,SS-4B
336661902,AH SPARE CONFERENCE,RAR-207Ca,SS-4C
336661903,AH SPARE CONFERENCE,RAR-208Aa,SS-5A
336661904,AH SPARE CONFERENCE,RAR-208Ba,SS-5B
336661905,AH SPARE CONFERENCE,RAR-208Ca,SS-5C
336661906,AH SPARE CONFERENCE,RAR-209a,SS-6L
336661907,AH SPARE CONFERENCE,RAR-209b,SS-6R
336661908,AH SPARE CONFERENCE,RAR-210Aa,SS-7A
336661909,AH SPARE CONFERENCE,RAR-210Ba,SS-7B
336661910,AH SPARE CONFERENCE,RAR-210Ca,SS-7C
336661911,AH SPARE CONFERENCE,RAR-211aR,SS-8A
336661912,AH SPARE CONFERENCE,RAR-212Aa,SS-9A
336661913,AH SPARE CONFERENCE,RAR-212Ba,SS-9B
336661914,AH SPARE CONFERENCE,RAR-212Ca,SS-9C
336661915,AH SPARE CONFERENCE,RAR-213Aa,SS-10A
336661916,AH SPARE CONFERENCE,RAR-213Ba,SS-10B
336661917,AH SPARE CONFERENCE,RAR-213Ca,SS-10C
336661918,AH SPARE CONFERENCE,RAR-214a,SS-11L
336661919,AH SPARE CONFERENCE,RAR-214b,SS-11R
336661920,AH SPARE CONFERENCE,RAR-215Aa,SS-12A
336661921,AH SPARE CONFERENCE,RAR-215Ba,SS-12B
336661922,AH SPARE CONFERENCE,RAR-215Ca,SS-12C
336661923,AH SPARE CONFERENCE,RAR-216Aa,SS-13A
336661924,AH SPARE CONFERENCE,RAR-216Ba,SS-13B
336661925,AH SPARE CONFERENCE,RAR-216Ca,SS-13C
336661926,AH SPARE CONFERENCE,RAR-217Aa,SS-14A
336661927,AH SPARE CONFERENCE,RAR-217Ba,SS-14B
336661928,AH SPARE CONFERENCE,RAR-217Ca,SS-14C
336661929,AH SPARE CONFERENCE,RAR-218Aa,SS-15A
336661930,AH SPARE CONFERENCE,RAR-218Ba,SS-15B
336661931,AH SPARE CONFERENCE,RAR-218Ca,SS-15C
336661932,AH SPARE CONFERENCE,RAR-219Aa,SS-16A
336661933,AH SPARE CONFERENCE,RAR-219Ba,SS-16B
336661934,AH SPARE CONFERENCE,RAR-219Ca,SS-16C
336661935,AH SPARE CONFERENCE,RAR-220a,SS-17L
336661936,AH SPARE CONFERENCE,RAR-220b,SS-17R
336661937,AH SPARE CONFERENCE,RAR-221a,SS-18L
336661938,AH SPARE CONFERENCE,RAR-221b,SS-18R
336661939,AH SPARE CONFERENCE,RAR-222Aa,SS-19A
336661940,AH SPARE CONFERENCE,RAR-222Ba,SS-19B
336661941,AH SPARE CONFERENCE,RAR-222Ca,SS-19C
336661942,AH SPARE CONFERENCE,RAR-223Aa,SS-20A
336661943,AH SPARE CONFERENCE,RAR-223Ba,SS-20B
336661944,AH SPARE CONFERENCE,RAR-223Ca,SS-20C
336661945,AH SPARE CONFERENCE,RAR-226a,SS-21L
336661946,AH SPARE CONFERENCE,RAR-226b,SS-21R
336661947,AH SPARE CONFERENCE,RAR-227Aa,SS-22A
336661948,AH SPARE CONFERENCE,RAR-227Ba,SS-22B
336661949,AH SPARE CONFERENCE,RAR-227Ca,SS-22C
336661950,AH SPARE CONFERENCE,RAR-228Aa,SS-23A
336661951,AH SPARE CONFERENCE,RAR-228Ba,SS-23B
336661952,AH SPARE CONFERENCE,RAR-228Ca,SS-23C
336661953,AH SPARE CONFERENCE,RAR-229a,SS-24L
336661954,AH SPARE CONFERENCE,RAR-229b,SS-24R
336661955,AH SPARE CONFERENCE,RAR-230a,SS-25L
336661956,AH SPARE CONFERENCE,RAR-230b,SS-25R
336661957,AH SPARE CONFERENCE,RAR-231aR,SS-26L
336661958,AH SPARE CONFERENCE,RAR-232Aa,SS-27A
336661959,AH SPARE CONFERENCE,RAR-232Ba,SS-27B
336661960,AH SPARE CONFERENCE,RAR-232Ca,SS-27C
336661961,AH SPARE CONFERENCE,RAR-233Aa,SS-28A
336661962,AH SPARE CONFERENCE,RAR-233Ba,SS-28B
336661963,AH SPARE CONFERENCE,RAR-233Ca,SS-28C
336661964,AH SPARE CONFERENCE,RAR-234Aa,SS-29A
336661965,AH SPARE CONFERENCE,RAR-234Ba,SS-29B
336661966,AH SPARE CONFERENCE,RAR-234Ca,SS-29C
336661967,AH SPARE CONFERENCE,RAR-235Aa,SS-30A
336661968,AH SPARE CONFERENCE,RAR-235Ba,SS-30B
336661969,AH SPARE CONFERENCE,RAR-235Ca,SS-30C
336661970,AH SPARE CONFERENCE,RAR-236Aa,SS-31A
336661971,AH SPARE CONFERENCE,RAR-236Ba,SS-31B
336661972,AH SPARE CONFERENCE,RAR-236Ca,SS-31C
336661973,AH SPARE CONFERENCE,RAR-237Aa,SS-32A
336661974,AH SPARE CONFERENCE,RAR-237Ba,SS-32B
336661975,AH SPARE CONFERENCE,RAR-237Ca,SS-32C
336661976,AH SPARE CONFERENCE,RAR-238Aa,SS-33A
336661977,AH SPARE CONFERENCE,RAR-238B,SS-33B
336661978,AH SPARE CONFERENCE,RAR-238Ca,SS-33C
336661979,AH SPARE CONFERENCE,RAR-240Aa,SS-34A
336661980,AH SPARE CONFERENCE,RAR-240Ba,SS-34B
336661981,AH SPARE CONFERENCE,RAR-240Ca,SS-34C
336661982,AH SPARE CONFERENCE,RAR-242a,SS-35L
336661983,AH SPARE CONFERENCE,RAR-242b,SS-35R
336661984,AH SPARE CONFERENCE,RAR-244a,SS-36L
336661985,AH SPARE CONFERENCE,RAR-244b,SS-36R
336661986,AH SPARE CONFERENCE,RAR-246Aa,SS-37A
336661987,AH SPARE CONFERENCE,RAR-246Ba,SS-37B
336661988,AH SPARE CONFERENCE,RAR-246Ca,SS-37C
336661989,AH SPARE CONFERENCE,RAR-248Aa,SS-38A
336661990,AH SPARE CONFERENCE,RAR-248Ba,SS-38B
336661991,AH SPARE CONFERENCE,RAR-248Ca,SS-38C
336661992,AH SPARE CONFERENCE,RAR-252Aa,NS-1A
336661993,AH SPARE CONFERENCE,RAR-252Ba,NS-1B
336661994,AH SPARE CONFERENCE,RAR-252Ca,NS-1C
336661995,AH SPARE CONFERENCE,RAR-254a,NS-2A
336661996,AH SPARE CONFERENCE,RAR-254b,NS-2B
336661997,AH SPARE CONFERENCE,RAR-255Aa,NS-3A
336661998,AH SPARE CONFERENCE,RAR-255Ba,NS-3B
336661999,AH SPARE CONFERENCE,RAR-255Ca,NS-3C
336662000,AH SPARE CONFERENCE,RAR-256Aa,NS-4A
336662001,AH SPARE CONFERENCE,RAR-256Ba,NS-4B
336662002,AH SPARE CONFERENCE,RAR-256Ca,NS-4C
336662003,AH SPARE CONFERENCE,RAR-257a,NS-5L
336662004,AH SPARE CONFERENCE,RAR-257b,NS-5R
336662005,AH SPARE CONFERENCE,RAR-258Aa,NS-6A
336662006,AH SPARE CONFERENCE,RAR-258Ba,NS-6B
336662007,AH SPARE CONFERENCE,RAR-258Ca,NS-6C
336662008,AH SPARE CONFERENCE,RAR-259aR,NS-7L
336662009,AH SPARE CONFERENCE,RAR-260Aa,NS-8A
336662010,AH SPARE CONFERENCE,RAR-260Ba,NS-8B
336662011,AH SPARE CONFERENCE,RAR-260Ca,NS-8C
336662012,AH SPARE CONFERENCE,RAR-261Aa,NS-9A
336662013,AH SPARE CONFERENCE,RAR-261Ba,NS-9B
336662014,AH SPARE CONFERENCE,RAR-261Ca,NS-9C
336662015,AH SPARE CONFERENCE,RAR-262Aa,NS-10A
336662016,AH SPARE CONFERENCE,RAR-262Ba,NS-10B
336662017,AH SPARE CONFERENCE,RAR-262Ca,NS-10C
336662018,AH SPARE CONFERENCE,RAR-263Aa,NS-11A
336662019,AH SPARE CONFERENCE,RAR-263Ba,NS-11B
336662020,AH SPARE CONFERENCE,RAR-263Ca,NS-11C
336662021,AH SPARE CONFERENCE,RAR-264a,NS-12L
336662022,AH SPARE CONFERENCE,RAR-264b,NS-12R
336662023,AH SPARE CONFERENCE,RAR-265Aa,NS-13A
336662024,AH SPARE CONFERENCE,RAR-265Ba,NS-13B
336662025,AH SPARE CONFERENCE,RAR-265Ca,NS-13C
336662026,AH SPARE CONFERENCE,RAR-266Aa,NS-14A
336662027,AH SPARE CONFERENCE,RAR-266Ba,NS-14B
336662028,AH SPARE CONFERENCE,RAR-266Ca,NS-14C
336662029,AH SPARE CONFERENCE,RAR-267Aa,NS-15A
336662030,AH SPARE CONFERENCE,RAR-267Ba,NS-15B
336662031,AH SPARE CONFERENCE,RAR-267Ca,NS-15C
336662032,AH SPARE CONFERENCE,RAR-268Aa,NS-16A
336662033,AH SPARE CONFERENCE,RAR-268Ba,NS-16B
336662034,AH SPARE CONFERENCE,RAR-268Ca,NS-16C
336662035,AH SPARE CONFERENCE,RAR-269a,NS-17L
336662036,AH SPARE CONFERENCE,RAR-269b,NS-17R
336662037,AH SPARE CONFERENCE,RAR-270a,NS-18L
336662038,AH SPARE CONFERENCE,RAR-270b,NS-18R
336662039,AH SPARE CONFERENCE,RAR-271Aa,NS-19A
336662040,AH SPARE CONFERENCE,RAR-271Ba,NS-19B
336662041,AH SPARE CONFERENCE,RAR-271Ca,NS-19C
336662042,AH SPARE CONFERENCE,RAR-272Aa,NS-20A
336662043,AH SPARE CONFERENCE,RAR-272Ba,NS-20B
336662044,AH SPARE CONFERENCE,RAR-272Ca,NS-20C
336662045,AH SPARE CONFERENCE,RAR-275Aa,NS-21A
336662046,AH SPARE CONFERENCE,RAR-275Ba,NS-21B
336662047,AH SPARE CONFERENCE,RAR-275Ca,NS-21C
336662048,AH SPARE CONFERENCE,RAR-276a,NS-22L
336662049,AH SPARE CONFERENCE,RAR-276b,NS-22R
336662050,AH SPARE CONFERENCE,RAR-277a,NS-23L
336662051,AH SPARE CONFERENCE,RAR-277b,NS-23R
336662052,AH SPARE CONFERENCE,RAR-278Aa,NS-24A
336662053,AH SPARE CONFERENCE,RAR-278Ba,NS-24B
336662054,AH SPARE CONFERENCE,RAR-278Ca,NS-24C
336662055,AH SPARE CONFERENCE,RAR-279aR,NS-25L
336662056,AH SPARE CONFERENCE,RAR-280a,NS-26L
336662057,AH SPARE CONFERENCE,RAR-280b,NS-26R
336662058,AH SPARE CONFERENCE,RAR-281Aa,NS-27A
336662059,AH SPARE CONFERENCE,RAR-281Ba,NS-27B
336662060,AH SPARE CONFERENCE,RAR-281Ca,NS-27C
336662061,AH SPARE CONFERENCE,RAR-282Aa,NS-28A
336662062,AH SPARE CONFERENCE,RAR-282Ba,NS-28B
336662063,AH SPARE CONFERENCE,RAR-282Ca,NS-28C
336662064,AH SPARE CONFERENCE,RAR-283Aa,NS-29A
336662065,AH SPARE CONFERENCE,RAR-283Ba,NS-29B
336662066,AH SPARE CONFERENCE,RAR-283Ca,NS-29C
336662067,AH SPARE CONFERENCE,RAR-284Aa,NS-30A
336662068,AH SPARE CONFERENCE,RAR-284Ba,NS-30B
336662069,AH SPARE CONFERENCE,RAR-284Ca,NS-30C
336662070,AH SPARE CONFERENCE,RAR-285Aa,NS-31A
336662071,AH SPARE CONFERENCE,RAR-285Ba,NS-31B
336662072,AH SPARE CONFERENCE,RAR-285Ca,NS-31C
336662073,AH SPARE CONFERENCE,RAR-286Aa,NS-32A
336662074,AH SPARE CONFERENCE,RAR-286Ba,NS-32B
336662075,AH SPARE CONFERENCE,RAR-286Ca,NS-32C
336662076,AH SPARE CONFERENCE,RAR-288Aa,NS-33A
336662077,AH SPARE CONFERENCE,RAR-288Ba,NS-33B
336662078,AH SPARE CONFERENCE,RAR-288Ca,NS-33C
336662079,AH SPARE CONFERENCE,RAR-290Aa,NS-34A
336662080,AH SPARE CONFERENCE,RAR-290Ba,NS-34B
336662081,AH SPARE CONFERENCE,RAR-290Ca,NS-34C
336662082,AH SPARE CONFERENCE,RAR-292a,NS-35L
336662083,AH SPARE CONFERENCE,RAR-292b,NS-35R
336662084,AH SPARE CONFERENCE,RAR-294a,NS-36L
336662085,AH SPARE CONFERENCE,RAR-294b,NS-36R
336662086,AH SPARE CONFERENCE,RAR-296Aa,NS-37A
336662087,AH SPARE CONFERENCE,RAR-296Ba,NS-37C
336662088,AH SPARE CONFERENCE,RAR-296Ca,NS-37C
336662089,AH SPARE CONFERENCE,RAR-298Aa,NS-38A
336662090,AH SPARE CONFERENCE,RAR-298Ba,NS-38B
336662091,AH SPARE CONFERENCE,RAR-298Ca,NS-38C
336662092,AH SPARE CONFERENCE,RAR-302Aa,ST-1A
336662093,AH SPARE CONFERENCE,RAR-302Ba,ST-1B
336662094,AH SPARE CONFERENCE,RAR-302Ca,ST-1C
336662095,AH SPARE CONFERENCE,RAR-304a,ST-2L
336662096,AH SPARE CONFERENCE,RAR-304b,ST-2R
336662097,AH SPARE CONFERENCE,RAR-306Aa,ST-3A
336662098,AH SPARE CONFERENCE,RAR-306Ba,ST-3B
336662099,AH SPARE CONFERENCE,RAR-306Ca,ST-3C
336662100,AH SPARE CONFERENCE,RAR-307Aa,ST-4A
336662101,AH SPARE CONFERENCE,RAR-307Ba,ST-4B
336662102,AH SPARE CONFERENCE,RAR-307Ca,ST-4C
336662103,AH SPARE CONFERENCE,RAR-308Aa,ST-5A
336662104,AH SPARE CONFERENCE,RAR-308Ba,ST-5B
336662105,AH SPARE CONFERENCE,RAR-308Ca,ST-5C
336662106,AH SPARE CONFERENCE,RAR-309a,ST-6L
336662107,AH SPARE CONFERENCE,RAR-309b,ST-6R
336662108,AH SPARE CONFERENCE,RAR-310Aa,ST-7A
336662109,AH SPARE CONFERENCE,RAR-310Ba,ST-7B
336662110,AH SPARE CONFERENCE,RAR-310Ca,ST-7C
336662111,AH SPARE CONFERENCE,RAR-311aR,ST-8L
336662112,AH SPARE CONFERENCE,RAR-312Aa,ST-9A
336662113,AH SPARE CONFERENCE,RAR-312Ba,ST-9B
336662114,AH SPARE CONFERENCE,RAR-312Ca,ST-9C
336662115,AH SPARE CONFERENCE,RAR-313Aa,ST-10A
336662116,AH SPARE CONFERENCE,RAR-313Ba,ST-10B
336662117,AH SPARE CONFERENCE,RAR-313Ca,ST-10C
336662118,AH SPARE CONFERENCE,RAR-314a,ST-11L
336662119,AH SPARE CONFERENCE,RAR-314b,ST-11R
336662120,AH SPARE CONFERENCE,RAR-315Aa,ST-12A
336662121,AH SPARE CONFERENCE,RAR-315Ba,ST-12B
336662122,AH SPARE CONFERENCE,RAR-315Ca,ST-12C
336662123,AH SPARE CONFERENCE,RAR-316Aa,ST-13A
336662124,AH SPARE CONFERENCE,RAR-316Ba,ST-13B
336662125,AH SPARE CONFERENCE,RAR-316Ca,ST-13C
336662126,AH SPARE CONFERENCE,RAR-317Aa,ST-14A
336662127,AH SPARE CONFERENCE,RAR-317Ba,ST-14B
336662128,AH SPARE CONFERENCE,RAR-317Ca,ST-14C
336662129,AH SPARE CONFERENCE,RAR-318Aa,ST-15A
336662130,AH SPARE CONFERENCE,RAR-318Ba,ST-15B
336662131,AH SPARE CONFERENCE,RAR-318Ca,ST-15C
336662132,AH SPARE CONFERENCE,RAR-319Aa,ST-16A
336662133,AH SPARE CONFERENCE,RAR-319Ba,ST-16B
336662134,AH SPARE CONFERENCE,RAR-319Ca,ST-16C
336662135,AH SPARE CONFERENCE,RAR-320a,ST-17L
336662136,AH SPARE CONFERENCE,RAR-320b,ST-17R
336662137,AH SPARE CONFERENCE,RAR-321a,ST-18L
336662138,AH SPARE CONFERENCE,RAR-321b,ST-18R
336662139,AH SPARE CONFERENCE,RAR-322Aa,ST-19A
336662140,AH SPARE CONFERENCE,RAR-322Ba,ST-19B
336662141,AH SPARE CONFERENCE,RAR-322Ca,ST-19C
336662142,AH SPARE CONFERENCE,RAR-323Aa,ST-20A
336662143,AH SPARE CONFERENCE,RAR-323Ba,ST-20B
336662144,AH SPARE CONFERENCE,RAR-323Ca,ST-20C
336662145,AH SPARE CONFERENCE,RAR-326a,ST-21L
336662146,AH SPARE CONFERENCE,RAR-326b,ST-21R
336662147,AH SPARE CONFERENCE,RAR-327Aa,ST-22A
336662148,AH SPARE CONFERENCE,RAR-327Ba,ST-22B
336662149,AH SPARE CONFERENCE,RAR-327Ca,ST-22C
336662150,AH SPARE CONFERENCE,RAR-328Aa,ST-23A
336662151,AH SPARE CONFERENCE,RAR-328Ba,ST-23B
336662152,AH SPARE CONFERENCE,RAR-328Ca,ST-23C
336662153,AH SPARE CONFERENCE,RAR-329a,ST-24L
336662154,AH SPARE CONFERENCE,RAR-329b,ST-24R
336662155,AH SPARE CONFERENCE,RAR-330a,ST-25L
336662156,AH SPARE CONFERENCE,RAR-330b,ST-25R
336662157,AH SPARE CONFERENCE,RAR-331aR,ST-26L
336662158,AH SPARE CONFERENCE,RAR-332Aa,ST-27A
336662159,AH SPARE CONFERENCE,RAR-332Ba,ST-27B
336662160,AH SPARE CONFERENCE,RAR-332Ca,ST-27C
336662161,AH SPARE CONFERENCE,RAR-333Aa,ST-28A
336662162,AH SPARE CONFERENCE,RAR-333Ba,ST-28B
336662163,AH SPARE CONFERENCE,RAR-333Ca,ST-28C
336662164,AH SPARE CONFERENCE,RAR-334Aa,ST-29A
336662165,AH SPARE CONFERENCE,RAR-334Ba,ST-29B
336662166,AH SPARE CONFERENCE,RAR-334Ca,ST-29C
336662167,AH SPARE CONFERENCE,RAR-335a,ST-30A
336662168,AH SPARE CONFERENCE,RAR-335Ba,ST-30B
336662169,AH SPARE CONFERENCE,RAR-335Ca,ST-30C
336662170,AH SPARE CONFERENCE,RAR-336Aa,ST-31A
336662171,AH SPARE CONFERENCE,RAR-336Ba,ST-31B
336662172,AH SPARE CONFERENCE,RAR-336Ca,ST-31C
336662173,AH SPARE CONFERENCE,RAR-337Aa,ST-32A
336662174,AH SPARE CONFERENCE,RAR-337Ba,ST-32B
336662175,AH SPARE CONFERENCE,RAR-337Ca,ST-32C
336662176,AH SPARE CONFERENCE,RAR-338Aa,ST-33A
336662177,AH SPARE CONFERENCE,RAR-338Ba,ST-33B
336662178,AH SPARE CONFERENCE,RAR-338Ca,ST-33C
336662179,AH SPARE CONFERENCE,RAR-340Aa,ST-34A
336662180,AH SPARE CONFERENCE,RAR-340Ba,ST-34B
336662181,AH SPARE CONFERENCE,RAR-340Ca,ST-34C
336662182,AH SPARE CONFERENCE,RAR-342a,ST-35L
336662183,AH SPARE CONFERENCE,RAR-342b,ST-35R
336662184,AH SPARE CONFERENCE,RAR-344a,ST-36L
336662185,AH SPARE CONFERENCE,RAR-344b,ST-36R
336662186,AH SPARE CONFERENCE,RAR-346Aa,ST-37A
336662187,AH SPARE CONFERENCE,RAR-346Ba,ST-37B
336662188,AH SPARE CONFERENCE,RAR-346Ca,ST-37C
336662189,AH SPARE CONFERENCE,RAR-348Aa,ST-38A
336662190,AH SPARE CONFERENCE,RAR-348Ba,ST-38B
336662191,AH SPARE CONFERENCE,RAR-348Ca,ST-38C
336662192,AH SPARE CONFERENCE,RAR-352Aa,NT-1A
336662193,AH SPARE CONFERENCE,RAR-352Ba,NT-1B
336662194,AH SPARE CONFERENCE,RAR-352Ca,NT-1C
336662195,AH SPARE CONFERENCE,RAR-354a,NT-2L
336662196,AH SPARE CONFERENCE,RAR-354b,NT-2R
336662197,AH SPARE CONFERENCE,RAR-355Aa,NT-3A
336662198,AH SPARE CONFERENCE,RAR-355Ba,NT-3B
336662199,AH SPARE CONFERENCE,RAR-355Ca,NT-3C
336662200,AH SPARE CONFERENCE,RAR-356Aa,NT-4A
336662201,AH SPARE CONFERENCE,RAR-356Ba,NT-4B
336662202,AH SPARE CONFERENCE,RAR-356Ca,NT-4C
336662203,AH SPARE CONFERENCE,RAR-357a,NT-5L
336662204,AH SPARE CONFERENCE,RAR-357b,NT-5R
336662205,AH SPARE CONFERENCE,RAR-358Aa,NT-6A
336662206,AH SPARE CONFERENCE,RAR-358Ba,NT-6B
336662207,AH SPARE CONFERENCE,RAR-358Ca,NT-6C
336662208,AH SPARE CONFERENCE,RAR-359aR,NT-7A
336662209,AH SPARE CONFERENCE,RAR-360Aa,NT-8A
336662210,AH SPARE CONFERENCE,RAR-360Ba,NT-8B
336662211,AH SPARE CONFERENCE,RAR-360Ca,NT-8C
336662212,AH SPARE CONFERENCE,RAR-361Aa,NT-9A
336662213,AH SPARE CONFERENCE,RAR-361Ba,NT-9B
336662214,AH SPARE CONFERENCE,RAR-361Ca,NT-9C
336662215,AH SPARE CONFERENCE,RAR-362Aa,NT-10A
336662216,AH SPARE CONFERENCE,RAR-362Ba,NT-10B
336662217,AH SPARE CONFERENCE,RAR-362Ca,NT-10C
336662218,AH SPARE CONFERENCE,RAR-363Aa,NT-11A
336662219,AH SPARE CONFERENCE,RAR-363Ba,NT-11B
336662220,AH SPARE CONFERENCE,RAR-363Ca,NT-11C
336662221,AH SPARE CONFERENCE,RAR-364a,NT-12L
336662222,AH SPARE CONFERENCE,RAR-364b,NT-12R
336662223,AH SPARE CONFERENCE,RAR-365Aa,NT-13A
336662224,AH SPARE CONFERENCE,RAR-365Ba,NT-13B
336662225,AH SPARE CONFERENCE,RAR-365Ca,NT-13C
336662226,AH SPARE CONFERENCE,RAR-366Aa,NT-14A
336662227,AH SPARE CONFERENCE,RAR-366Ba,NT-14B
336662228,AH SPARE CONFERENCE,RAR-366Ca,NT-14C
336662229,AH SPARE CONFERENCE,RAR-367Aa,NT-15A
336662230,AH SPARE CONFERENCE,RAR-367Ba,NT-15B
336662231,AH SPARE CONFERENCE,RAR-367Ca,NT-15C
336662232,AH SPARE CONFERENCE,RAR-368Aa,NT-16A
336662233,AH SPARE CONFERENCE,RAR-368Ba,NT-16B
336662234,AH SPARE CONFERENCE,RAR-368Ca,NT-16C
336662235,AH SPARE CONFERENCE,RAR-369a,NT-17L
336662236,AH SPARE CONFERENCE,RAR-369b,NT-17R
336662237,AH SPARE CONFERENCE,RAR-370a,NT-18L
336662238,AH SPARE CONFERENCE,RAR-370b,NT-18R
336662239,AH SPARE CONFERENCE,RAR-371Aa,NT-19A
336662240,AH SPARE CONFERENCE,RAR-371Ba,NT-19B
336662241,AH SPARE CONFERENCE,RAR-371Ca,NT-19C
336662242,AH SPARE CONFERENCE,RAR-372Aa,NT-20A
336662243,AH SPARE CONFERENCE,RAR-372Ba,NT-20B
336662244,AH SPARE CONFERENCE,RAR-372Ca,NT-20C
336662245,AH SPARE CONFERENCE,RAR-375Aa,NT-21A
336662246,AH SPARE CONFERENCE,RAR-375Ba,NT-21B
336662247,AH SPARE CONFERENCE,RAR-375Ca,NT-21C
336662248,AH SPARE CONFERENCE,RAR-376a,NT-22L
336662249,AH SPARE CONFERENCE,RAR-376b,NT-22R
336662250,AH SPARE CONFERENCE,RAR-377a,NT-23L
336662251,AH SPARE CONFERENCE,RAR-377b,NT-23R
336662252,AH SPARE CONFERENCE,RAR-378Aa,NT-24A
336662253,AH SPARE CONFERENCE,RAR-378Ba,NT-24B
336662254,AH SPARE CONFERENCE,RAR-378Ca,NT-24C
336662255,AH SPARE CONFERENCE,RAR-379aR,NT-25A
336662256,AH SPARE CONFERENCE,RAR-380a,NT-26L
336662257,AH SPARE CONFERENCE,RAR-380b,NT-26R
336662258,AH SPARE CONFERENCE,RAR-381Aa,NT-27A
336662259,AH SPARE CONFERENCE,RAR-381Ba,NT-27B
336662260,AH SPARE CONFERENCE,RAR-381Ca,NT-27C
336662261,AH SPARE CONFERENCE,RAR-382Aa,NT-28A
336662262,AH SPARE CONFERENCE,RAR-382Ba,NT-28B
336662263,AH SPARE CONFERENCE,RAR-382Ca,NT-28C
336662264,AH SPARE CONFERENCE,RAR-383Aa,NT-29A
336662265,AH SPARE CONFERENCE,RAR-383Ba,NT-29B
336662266,AH SPARE CONFERENCE,RAR-383Ca,NT-29C
336662267,AH SPARE CONFERENCE,RAR-384Aa,NT-30A
336662268,AH SPARE CONFERENCE,RAR-384Ba,NT-30B
336662269,AH SPARE CONFERENCE,RAR-384Ca,NT-30C
336662270,AH SPARE CONFERENCE,RAR-385Aa,NT-31A
336662271,AH SPARE CONFERENCE,RAR-385Ba,NT-31B
336662272,AH SPARE CONFERENCE,RAR-385Ca,NT-31C
336662273,AH SPARE CONFERENCE,RAR-386Aa,NT-32A
336662274,AH SPARE CONFERENCE,RAR-386Ba,NT-32B
336662275,AH SPARE CONFERENCE,RAR-386Ca,NT-32C
336662276,AH SPARE CONFERENCE,RAR-388Aa,NT-33A
336662277,AH SPARE CONFERENCE,RAR-388Ba,NT-33B
336662278,AH SPARE CONFERENCE,RAR-388Ca,NT-33C
336662279,AH SPARE CONFERENCE,RAR-390Aa,NT-34A
336662280,AH SPARE CONFERENCE,RAR-390Ba,NT-34B
336662281,AH SPARE CONFERENCE,RAR-390Ca,NT-34C
336662282,AH SPARE CONFERENCE,RAR-392a,NT-35L
336662283,AH SPARE CONFERENCE,RAR-392b,NT-35R
336662284,AH SPARE CONFERENCE,RAR-394a,NT-36L
336662285,AH SPARE CONFERENCE,RAR-394b,NT-36R
336662286,AH SPARE CONFERENCE,RAR-396Aa,NT-37A
336662287,AH SPARE CONFERENCE,RAR-396Ba,NT-37B
336662288,AH SPARE CONFERENCE,RAR-396Ca,NT-37C
336662289,AH SPARE CONFERENCE,RAR-398Aa,NT-38A
336662290,AH SPARE CONFERENCE,RAR-398Ba,NT-38B
336662291,AH SPARE CONFERENCE,RAR-398Ca,NT-38C
336662292,AH CONFERENCE,RAR-204bR,SS-1B
336662293,AH CONFERENCE SPARE,RAR-204cR,SS-1C
