PIK #,Hall,Room #
336662300,KC CONFERENCE,RKC-130aR
336662301,KC CONFERENCE,RKC-131aF
336662302,KC CONFERENCE,RKC-131b
336662303,KC CONFERENCE,RKC-132a
336662304,KC CONFERENCE,RKC-132b
336662305,KC CONFERENCE,RKC-133AaF
336662306,KC CONFERENCE,RKC-133BaF
336662307,KC CONFERENCE,RKC-133Ca
336662308,KC CONFERENCE,RKC-134AaF
336662309,KC CONFERENCE,RKC-134BaF
336662310,KC CONFERENCE,RKC-134CaF
336662311,KC CONFERENCE,RKC-135aF
336662312,KC CONFERENCE,RKC-135bF
336662313,KC CONFERENCE,RKC-136aF
336662314,KC CONFERENCE,RKC-136bF
336662315,KC CONFERENCE,RKC-137AaF
336662316,KC CONFERENCE,RKC-137BaF
336662317,KC CONFERENCE,RKC-137CaF
336662318,KC CONFERENCE,RKC-138AaF
336662319,KC CONFERENCE,RKC-138BaF
336662320,KC CONFERENCE,RKC-138CaF
336662321,KC CONFERENCE,RKC-139aF
336662322,KC CONFERENCE,RKC-139bF
336662323,KC CONFERENCE,RKC-140aF
336662324,KC CONFERENCE,RKC-140bF
336662325,KC CONFERENCE,RKC-141Aa
336662326,KC CONFERENCE,RKC-141Ba
336662327,KC CONFERENCE,RKC-141Ca
336662328,KC CONFERENCE,RKC-142a
336662329,KC CONFERENCE,RKC-142b
336662330,KC CONFERENCE,RKC-143Aa
336662331,KC CONFERENCE,RKC-143Ba
336662332,KC CONFERENCE,RKC-143Ca
336662333,KC CONFERENCE,RKC-144Aa
336662334,KC CONFERENCE,RKC-144Ba
336662335,KC CONFERENCE,RKC-144Ca
336662336,KC CONFERENCE,RKC-146Aa
336662337,KC CONFERENCE,RKC-146Ba
336662338,KC CONFERENCE,RKC-146Ca
336662339,KC CONFERENCE,RKC-147Aa
336662340,KC CONFERENCE,RKC-147Ba
336662341,KC CONFERENCE,RKC-147Ca
336662342,KC CONFERENCE,RKC-148Aa
336662343,KC CONFERENCE,RKC-148Ba
336662344,KC CONFERENCE,RKC-148Ca
336662345,KC CONFERENCE,RKC-149Aa
336662346,KC CONFERENCE,RKC-149Ba
336662347,KC CONFERENCE,RKC-149Ca
336662348,KC CONFERENCE,RKC-151Aa
336662349,KC CONFERENCE,RKC-151Ba
336662350,KC CONFERENCE,RKC-151Ca
336662351,KC CONFERENCE,RKC-152Aa
336662352,KC CONFERENCE,RKC-152Ba
336662353,KC CONFERENCE,RKC-152Ca
336662354,KC CONFERENCE,RKC-153Aa
336662355,KC CONFERENCE,RKC-153Ba
336662356,KC CONFERENCE,RKC-153Ca
336662357,KC CONFERENCE,RKC-154Aa
336662358,KC CONFERENCE,RKC-154Ba
336662359,KC CONFERENCE,RKC-154Ca
336662360,KC CONFERENCE,RKC-155aR
336662361,KC CONFERENCE,RKC-156a
336662362,KC CONFERENCE,RKC-156b
336662363,KC CONFERENCE,RKC-160a
336662364,KC CONFERENCE,RKC-160b
336662365,KC CONFERENCE,RKC-161a
336662366,KC CONFERENCE,RKC-161b
336662367,KC CONFERENCE,RKC-162aF
336662368,KC CONFERENCE,RKC-162b
336662369,KC CONFERENCE,RKC-163Aa
336662370,KC CONFERENCE,RKC-163BaF
336662371,KC CONFERENCE,RKC-163CaF
336662372,KC CONFERENCE,RKC-164AaF
336662373,KC CONFERENCE,RKC-164BaF
336662374,KC CONFERENCE,RKC-164CaF
336662375,KC CONFERENCE,RKC-165aF
336662376,KC CONFERENCE,RKC-165b
336662377,KC CONFERENCE,RKC-166aF
336662378,KC CONFERENCE,RKC-166bF
336662379,KC CONFERENCE,RKC-167AaF
336662380,KC CONFERENCE,RKC-167BaF
336662381,KC CONFERENCE,RKC-167CaF
336662382,KC CONFERENCE,RKC-168Aa
336662383,KC CONFERENCE,RKC-168BaF
336662384,KC CONFERENCE,RKC-168CaF
336662385,KC CONFERENCE,RKC-169a
336662386,KC CONFERENCE,RKC-169b
336662387,KC CONFERENCE,RKC-170aF
336662388,KC CONFERENCE,RKC-170bF
336662389,KC CONFERENCE,RKC-171Aa
336662390,KC CONFERENCE,RKC-171Ba
336662391,KC CONFERENCE,RKC-171Ca
336662392,KC CONFERENCE,RKC-172a
336662393,KC CONFERENCE,RKC-172b
336662394,KC CONFERENCE,RKC-173Aa
336662395,KC CONFERENCE,RKC-173Ba
336662396,KC CONFERENCE,RKC-173Ca
336662397,KC CONFERENCE,RKC-174AaF
336662398,KC CONFERENCE,RKC-174BaF
336662399,KC CONFERENCE,RKC-174Ca
336662400,KC CONFERENCE,RKC-175Aa
336662401,KC CONFERENCE,RKC-175Ba
336662402,KC CONFERENCE,RKC-175Ca
336662403,KC CONFERENCE,RKC-176Aa
336662404,KC CONFERENCE,RKC-176Ba
336662405,KC CONFERENCE,RKC-176Ca
336662406,KC CONFERENCE,RKC-177Aa
336662407,KC CONFERENCE,RKC-177Ba
336662408,KC CONFERENCE,RKC-177Ca
336662409,KC CONFERENCE,RKC-178Aa
336662410,KC CONFERENCE,RKC-178Ba
336662411,KC CONFERENCE,RKC-178Ca
336662412,KC CONFERENCE,RKC-181Aa
336662413,KC CONFERENCE,RKC-181Ba
336662414,KC CONFERENCE,RKC-181Ca
336662415,KC CONFERENCE,RKC-182Aa
336662416,KC CONFERENCE,RKC-182Ba
336662417,KC CONFERENCE,RKC-182Ca
336662418,KC CONFERENCE,RKC-183Aa
336662419,KC CONFERENCE,RKC-183Ba
336662420,KC CONFERENCE,RKC-183Ca
336662421,KC CONFERENCE,RKC-184Aa
336662422,KC CONFERENCE,RKC-184Ba
336662423,KC CONFERENCE,RKC-184Ca
336662424,KC CONFERENCE,RKC-185aR
336662425,KC CONFERENCE,RKC-186a
336662426,KC CONFERENCE,RKC-211a
336662427,KC CONFERENCE,RKC-211b
336662428,KC CONFERENCE,RKC-213Aa
336662429,KC CONFERENCE,RKC-213Ba
336662430,KC CONFERENCE,RKC-213Ca
336662431,KC CONFERENCE,RKC-214Aa
336662432,KC CONFERENCE,RKC-214Ba
336662433,KC CONFERENCE,RKC-214Ca
336662434,KC CONFERENCE,RKC-216a
336662435,KC CONFERENCE,RKC-216b
336662436,KC CONFERENCE,RKC-221a
336662437,KC CONFERENCE,RKC-221b
336662438,KC CONFERENCE,RKC-223Aa
336662439,KC CONFERENCE,RKC-223Ba
336662440,KC CONFERENCE,RKC-223Ca
336662441,KC CONFERENCE,RKC-224Aa
336662442,KC CONFERENCE,RKC-224Ba
336662443,KC CONFERENCE,RKC-224Ca
336662444,KC CONFERENCE,RKC-226a
336662445,KC CONFERENCE,RKC-226b
336662446,KC CONFERENCE,RKC-230aR
336662447,KC CONFERENCE,RKC-231aF
336662448,KC CONFERENCE,RKC-231bF
336662449,KC CONFERENCE,RKC-232aF
336662450,KC CONFERENCE,RKC-232bF
336662451,KC CONFERENCE,RKC-233AaF
336662452,KC CONFERENCE,RKC-233BaF
336662453,KC CONFERENCE,RKC-233CaF
336662454,KC CONFERENCE,RKC-234Aa
336662455,KC CONFERENCE,RKC-234Ba
336662456,KC CONFERENCE,RKC-234Ca
336662457,KC CONFERENCE,RKC-235aF
336662458,KC CONFERENCE,RKC-235bF
336662459,KC CONFERENCE,RKC-236a
336662460,KC CONFERENCE,RKC-236b
336662461,KC CONFERENCE,RKC-237AaF
336662462,KC CONFERENCE,RKC-237BaF
336662463,KC CONFERENCE,RKC-237CaF
336662464,KC CONFERENCE,RKC-238Aa
336662465,KC CONFERENCE,RKC-238Ba
336662466,KC CONFERENCE,RKC-238Ca
336662467,KC CONFERENCE,RKC-239aF
336662468,KC CONFERENCE,RKC-239bF
336662469,KC CONFERENCE,RKC-240a
336662470,KC CONFERENCE,RKC-240b
336662471,KC CONFERENCE,RKC-241Aa
336662472,KC CONFERENCE,RKC-241Ba
336662473,KC CONFERENCE,RKC-241Ca
336662474,KC CONFERENCE,RKC-242aF
336662475,KC CONFERENCE,RKC-242bF
336662476,KC CONFERENCE,RKC-243Aa
336662477,KC CONFERENCE,RKC-243Ba
336662478,KC CONFERENCE,RKC-243Ca
336662479,KC CONFERENCE,RKC-244AaF
336662480,KC CONFERENCE,RKC-244BaF
336662481,KC CONFERENCE,RKC-244CaF
336662482,KC CONFERENCE,RKC-246AaF
336662483,KC CONFERENCE,RKC-246BaF
336662484,KC CONFERENCE,RKC-246CaF
336662485,KC CONFERENCE,RKC-247Aa
336662486,KC CONFERENCE,RKC-247Ba
336662487,KC CONFERENCE,RKC-247Ca
336662488,KC CONFERENCE,RKC-248AaF
336662489,KC CONFERENCE,RKC-248BaF
336662490,KC CONFERENCE,RKC-248CaF
336662491,KC CONFERENCE,RKC-249Aa
336662492,KC CONFERENCE,RKC-249Ba
336662493,KC CONFERENCE,RKC-249Ca
336662494,KC CONFERENCE,RKC-251Aa
336662495,KC CONFERENCE,RKC-251Ba
336662496,KC CONFERENCE,RKC-251Ca
336662497,KC CONFERENCE,RKC-252AaF
336662498,KC CONFERENCE,RKC-252BaF
336662499,KC CONFERENCE,RKC-252CaF
336662500,KC CONFERENCE,RKC-253Aa
336662501,KC CONFERENCE,RKC-253Ba
336662502,KC CONFERENCE,RKC-253Ca
336662503,KC CONFERENCE,RKC-254AaF
336662504,KC CONFERENCE,RKC-254BaF
336662505,KC CONFERENCE,RKC-254CaF
336662506,KC CONFERENCE,RKC-255aR
336662507,KC CONFERENCE,RKC-256a
336662508,KC CONFERENCE,RKC-256b
336662509,KC CONFERENCE,RKC-260aR
336662510,KC CONFERENCE,RKC-261a
336662511,KC CONFERENCE,RKC-261b
336662512,KC CONFERENCE,RKC-262bF
336662513,KC CONFERENCE,RKC-263Aa
336662514,KC CONFERENCE,RKC-263Ba
336662515,KC CONFERENCE,RKC-263Ca
336662516,KC CONFERENCE,RKC-264AaF
336662517,KC CONFERENCE,RKC-264BaF
336662518,KC CONFERENCE,RKC-264Ca
336662519,KC CONFERENCE,RKC-265a
336662520,KC CONFERENCE,RKC-265b
336662521,KC CONFERENCE,RKC-266aF
336662522,KC CONFERENCE,RKC-266bF
336662523,KC CONFERENCE,RKC-267Aa
336662524,KC CONFERENCE,RKC-267Ba
336662525,KC CONFERENCE,RKC-267Ca
336662526,KC CONFERENCE,RKC-268AaF
336662527,KC CONFERENCE,RKC-268BaF
336662528,KC CONFERENCE,RKC-268CaF
336662529,KC CONFERENCE,RKC-269a
336662530,KC CONFERENCE,RKC-269b
336662531,KC CONFERENCE,RKC-270a
336662532,KC CONFERENCE,RKC-270b
336662533,KC CONFERENCE,RKC-271Aa
336662534,KC CONFERENCE,RKC-271Ba
336662535,KC CONFERENCE,RKC-271Ca
336662536,KC CONFERENCE,RKC-272a
336662537,KC CONFERENCE,RKC-272b
336662538,KC CONFERENCE,RKC-273Aa
336662539,KC CONFERENCE,RKC-273Ba
336662540,KC CONFERENCE,RKC-273Ca
336662541,KC CONFERENCE,RKC-274AaF
336662542,KC CONFERENCE,RKC-274BaF
336662543,KC CONFERENCE,RKC-274CaF
336662544,KC CONFERENCE,RKC-275Aa
336662545,KC CONFERENCE,RKC-275Ba
336662546,KC CONFERENCE,RKC-275Ca
336662547,KC CONFERENCE,RKC-276Aa
336662548,KC CONFERENCE,RKC-276Ba
336662549,KC CONFERENCE,RKC-276Ca
336662550,KC CONFERENCE,RKC-277Aa
336662551,KC CONFERENCE,RKC-277Ba
336662552,KC CONFERENCE,RKC-277Ca
336662553,KC CONFERENCE,RKC-278Aa
336662554,KC CONFERENCE,RKC-278Ba
336662555,KC CONFERENCE,RKC-278Ca
336662556,KC CONFERENCE,RKC-281Aa
336662557,KC CONFERENCE,RKC-281Ba
336662558,KC CONFERENCE,RKC-281Ca
336662559,KC CONFERENCE,RKC-282Aa
336662560,KC CONFERENCE,RKC-282Ba
336662561,KC CONFERENCE,RKC-282Ca
336662562,KC CONFERENCE,RKC-283Aa
336662563,KC CONFERENCE,RKC-283Ba
336662564,KC CONFERENCE,RKC-283Ca
336662565,KC CONFERENCE,RKC-284Aa
336662566,KC CONFERENCE,RKC-284Ba
336662567,KC CONFERENCE,RKC-284Ca
336662568,KC CONFERENCE,RKC-285aR
336662569,KC CONFERENCE,RKC-286a
336662570,KC CONFERENCE,RKC-286b
336662571,KC CONFERENCE,RKC-311a
336662572,KC CONFERENCE,RKC-311b
336662573,KC CONFERENCE,RKC-313Aa
336662574,KC CONFERENCE,RKC-313Ba
336662575,KC CONFERENCE,RKC-313Ca
336662576,KC CONFERENCE,RKC-314Aa
336662577,KC CONFERENCE,RKC-314Ba
336662578,KC CONFERENCE,RKC-314Ca
336662579,KC CONFERENCE,RKC-316aF
336662580,KC CONFERENCE,RKC-316b
336662581,KC CONFERENCE,RKC-321a
336662582,KC CONFERENCE,RKC-321bF
336662583,KC CONFERENCE,RKC-323Aa
336662584,KC CONFERENCE,RKC-323Ba
336662585,KC CONFERENCE,RKC-323Ca
336662586,KC CONFERENCE,RKC-324AaF
336662587,KC CONFERENCE,RKC-324BaF
336662588,KC CONFERENCE,RKC-324Ca
336662589,KC CONFERENCE,RKC-326a
336662590,KC CONFERENCE,RKC-326b
336662591,KC CONFERENCE,RKC-330aR
336662592,KC CONFERENCE,RKC-331a
336662593,KC CONFERENCE,RKC-331b
336662594,KC CONFERENCE,RKC-332a
336662595,KC CONFERENCE,RKC-332b
336662596,KC CONFERENCE,RKC-333Aa
336662597,KC CONFERENCE,RKC-333Ba
336662598,KC CONFERENCE,RKC-333Ca
336662599,KC CONFERENCE,RKC-334AaF
336662600,KC CONFERENCE,RKC-334Ba
336662601,KC CONFERENCE,RKC-334Ca
336662602,KC CONFERENCE,RKC-335a
336662603,KC CONFERENCE,RKC-335b
336662604,KC CONFERENCE,RKC-336aF
336662605,KC CONFERENCE,RKC-336bF
336662606,KC CONFERENCE,RKC-337Aa
336662607,KC CONFERENCE,RKC-337Ba
336662608,KC CONFERENCE,RKC-337Ca
336662609,KC CONFERENCE,RKC-338Aa
336662610,KC CONFERENCE,RKC-338BaF
336662611,KC CONFERENCE,RKC-338Ca
336662612,KC CONFERENCE,RKC-339a
336662613,KC CONFERENCE,RKC-339b
336662614,KC CONFERENCE,RKC-340aF
336662615,KC CONFERENCE,RKC-340bF
336662616,KC CONFERENCE,RKC-341Aa
336662617,KC CONFERENCE,RKC-341Ba
336662618,KC CONFERENCE,RKC-341Ca
336662619,KC CONFERENCE,RKC-342aF
336662620,KC CONFERENCE,RKC-342b
336662621,KC CONFERENCE,RKC-343Aa
336662622,KC CONFERENCE,RKC-343Ba
336662623,KC CONFERENCE,RKC-343Ca
336662624,KC CONFERENCE,RKC-344AaF
336662625,KC CONFERENCE,RKC-344Ba
336662626,KC CONFERENCE,RKC-344Ca
336662627,KC CONFERENCE,RKC-346Aa
336662628,KC CONFERENCE,RKC-346Ba
336662629,KC CONFERENCE,RKC-346Ca
336662630,KC CONFERENCE,RKC-347Aa
336662631,KC CONFERENCE,RKC-347Ba
336662632,KC CONFERENCE,RKC-347Ca
336662633,KC CONFERENCE,RKC-348Aa
336662634,KC CONFERENCE,RKC-348Ba
336662635,KC CONFERENCE,RKC-348Ca
336662636,KC CONFERENCE,RKC-349Aa
336662637,KC CONFERENCE,RKC-349Ba
336662638,KC CONFERENCE,RKC-349Ca
336662639,KC CONFERENCE,RKC-351Aa
336662640,KC CONFERENCE,RKC-351Ba
336662641,KC CONFERENCE,RKC-351Ca
336662642,KC CONFERENCE,RKC-352Aa
336662643,KC CONFERENCE,RKC-352Ba
336662644,KC CONFERENCE,RKC-352Ca
336662645,KC CONFERENCE,RKC-353Aa
336662646,KC CONFERENCE,RKC-353Ba
336662647,KC CONFERENCE,RKC-353Ca
336662648,KC CONFERENCE,RKC-354Aa
336662649,KC CONFERENCE,RKC-354Ba
336662650,KC CONFERENCE,RKC-354Ca
336662651,KC CONFERENCE,RKC-355aR
336662652,KC CONFERENCE,RKC-356a
336662653,KC CONFERENCE,RKC-356b
336662654,KC CONFERENCE,RKC-360aR
336662655,KC CONFERENCE,RKC-361a
336662656,KC CONFERENCE,RKC-361b
336662657,KC CONFERENCE,RKC-362aF
336662658,KC CONFERENCE,RKC-362bF
336662659,KC CONFERENCE,RKC-363AaF
336662660,KC CONFERENCE,RKC-363BaF
336662661,KC CONFERENCE,RKC-363Ca
336662662,KC CONFERENCE,RKC-364AaF
336662663,KC CONFERENCE,RKC-364Ba
336662664,KC CONFERENCE,RKC-364Ca
336662665,KC CONFERENCE,RKC-365aF
336662666,KC CONFERENCE,RKC-365b
336662667,KC CONFERENCE,RKC-366a
336662668,KC CONFERENCE,RKC-366b
336662669,KC CONFERENCE,RKC-367Aa
336662670,KC CONFERENCE,RKC-367BaF
336662671,KC CONFERENCE,RKC-367Ca
336662672,KC CONFERENCE,RKC-368Aa
336662673,KC CONFERENCE,RKC-368Ba
336662674,KC CONFERENCE,RKC-369aF
336662675,KC CONFERENCE,RKC-369bF
336662676,KC CONFERENCE,RKC-370a
336662677,KC CONFERENCE,RKC-370b
336662678,KC CONFERENCE,RKC-371Aa
336662679,KC CONFERENCE,RKC-371Ba
336662680,KC CONFERENCE,RKC-371Ca
336662681,KC CONFERENCE,RKC-372a
336662682,KC CONFERENCE,RKC-372b
336662683,KC CONFERENCE,RKC-373Aa
336662684,KC CONFERENCE,RKC-373Ba
336662685,KC CONFERENCE,RKC-373Ca
336662686,KC CONFERENCE,RKC-374Aa
336662687,KC CONFERENCE,RKC-374Ba
336662688,KC CONFERENCE,RKC-374Ca
336662689,KC CONFERENCE,RKC-375Aa
336662690,KC CONFERENCE,RKC-375Ba
336662691,KC CONFERENCE,RKC-375Ca
336662692,KC CONFERENCE,RKC-376Aa
336662693,KC CONFERENCE,RKC-376Ba
336662694,KC CONFERENCE,RKC-376Ca
336662695,KC CONFERENCE,RKC-377Aa
336662696,KC CONFERENCE,RKC-377Ba
336662697,KC CONFERENCE,RKC-377Ca
336662698,KC CONFERENCE,RKC-378Aa
336662699,KC CONFERENCE,RKC-378Ba
336662700,KC CONFERENCE,RKC-378Ca
336662701,KC CONFERENCE,RKC-381Aa
336662702,KC CONFERENCE,RKC-381Ba
336662703,KC CONFERENCE,RKC-381Ca
336662704,KC CONFERENCE,RKC-382Aa
336662705,KC CONFERENCE,RKC-382Ba
336662706,KC CONFERENCE,RKC-382Ca
336662707,KC CONFERENCE,RKC-383Aa
336662708,KC CONFERENCE,RKC-383Ba
336662709,KC CONFERENCE,RKC-383Ca
336662710,KC CONFERENCE,RKC-384Aa
336662711,KC CONFERENCE,RKC-384Ba
336662712,KC CONFERENCE,RKC-384Ca
336662713,KC CONFERENCE,RKC-385aR
336662714,KC CONFERENCE,RKC-386a
336662715,KC CONFERENCE,RKC-386b
336662716,KC SPARE CONFERENCE,RKC-130aR
336662717,KC SPARE CONFERENCE,RKC-131aF
336662718,KC SPARE CONFERENCE,RKC-131b
336662719,KC SPARE CONFERENCE,RKC-132a
336662720,KC SPARE CONFERENCE,RKC-132b
336662721,KC SPARE CONFERENCE,RKC-133AaF
336662722,KC SPARE CONFERENCE,RKC-133BaF
336662723,KC SPARE CONFERENCE,RKC-133Ca
336662724,KC SPARE CONFERENCE,RKC-134AaF
336662725,KC SPARE CONFERENCE,RKC-134BaF
336662726,KC SPARE CONFERENCE,RKC-134CaF
336662727,KC SPARE CONFERENCE,RKC-135aF
336662728,KC SPARE CONFERENCE,RKC-135bF
336662729,KC SPARE CONFERENCE,RKC-136aF
336662730,KC SPARE CONFERENCE,RKC-136bF
336662731,KC SPARE CONFERENCE,RKC-137AaF
336662732,KC SPARE CONFERENCE,RKC-137BaF
336662733,KC SPARE CONFERENCE,RKC-137CaF
336662734,KC SPARE CONFERENCE,RKC-138AaF
336662735,KC SPARE CONFERENCE,RKC-138BaF
336662736,KC SPARE CONFERENCE,RKC-138CaF
336662737,KC SPARE CONFERENCE,RKC-139aF
336662738,KC SPARE CONFERENCE,RKC-139bF
336662739,KC SPARE CONFERENCE,RKC-140aF
336662740,KC SPARE CONFERENCE,RKC-140bF
336662741,KC SPARE CONFERENCE,RKC-141Aa
336662742,KC SPARE CONFERENCE,RKC-141Ba
336662743,KC SPARE CONFERENCE,RKC-141Ca
336662744,KC SPARE CONFERENCE,RKC-142a
336662745,KC SPARE CONFERENCE,RKC-142b
336662746,KC SPARE CONFERENCE,RKC-143Aa
336662747,KC SPARE CONFERENCE,RKC-143Ba
336662748,KC SPARE CONFERENCE,RKC-143Ca
336662749,KC SPARE CONFERENCE,RKC-144Aa
336662750,KC SPARE CONFERENCE,RKC-144Ba
336662751,KC SPARE CONFERENCE,RKC-144Ca
336662752,KC SPARE CONFERENCE,RKC-146Aa
336662753,KC SPARE CONFERENCE,RKC-146Ba
336662754,KC SPARE CONFERENCE,RKC-146Ca
336662755,KC SPARE CONFERENCE,RKC-147Aa
336662756,KC SPARE CONFERENCE,RKC-147Ba
336662757,KC SPARE CONFERENCE,RKC-147Ca
336662758,KC SPARE CONFERENCE,RKC-148Aa
336662759,KC SPARE CONFERENCE,RKC-148Ba
336662760,KC SPARE CONFERENCE,RKC-148Ca
336662761,KC SPARE CONFERENCE,RKC-149Aa
336662762,KC SPARE CONFERENCE,RKC-149Ba
336662763,KC SPARE CONFERENCE,RKC-149Ca
336662764,KC SPARE CONFERENCE,RKC-151Aa
336662765,KC SPARE CONFERENCE,RKC-151Ba
336662766,KC SPARE CONFERENCE,RKC-151Ca
336662767,KC SPARE CONFERENCE,RKC-152Aa
336662768,KC SPARE CONFERENCE,RKC-152Ba
336662769,KC SPARE CONFERENCE,RKC-152Ca
336662770,KC SPARE CONFERENCE,RKC-153Aa
336662771,KC SPARE CONFERENCE,RKC-153Ba
336662772,KC SPARE CONFERENCE,RKC-153Ca
336662773,KC SPARE CONFERENCE,RKC-154Aa
336662774,KC SPARE CONFERENCE,RKC-154Ba
336662775,KC SPARE CONFERENCE,RKC-154Ca
336662776,KC SPARE CONFERENCE,RKC-155aR
336662777,KC SPARE CONFERENCE,RKC-156a
336662778,KC SPARE CONFERENCE,RKC-156b
336662779,KC SPARE CONFERENCE,RKC-160a
336662780,KC SPARE CONFERENCE,RKC-160b
336662781,KC SPARE CONFERENCE,RKC-161a
336662782,KC SPARE CONFERENCE,RKC-161b
336662783,KC SPARE CONFERENCE,RKC-162aF
336662784,KC SPARE CONFERENCE,RKC-162b
336662785,KC SPARE CONFERENCE,RKC-163Aa
336662786,KC SPARE CONFERENCE,RKC-163BaF
336662787,KC SPARE CONFERENCE,RKC-163CaF
336662788,KC SPARE CONFERENCE,RKC-164AaF
336662789,KC SPARE CONFERENCE,RKC-164BaF
336662790,KC SPARE CONFERENCE,RKC-164CaF
336662791,KC SPARE CONFERENCE,RKC-165aF
336662792,KC SPARE CONFERENCE,RKC-165b
336662793,KC SPARE CONFERENCE,RKC-166aF
336662794,KC SPARE CONFERENCE,RKC-166bF
336662795,KC SPARE CONFERENCE,RKC-167AaF
336662796,KC SPARE CONFERENCE,RKC-167BaF
336662797,KC SPARE CONFERENCE,RKC-167CaF
336662798,KC SPARE CONFERENCE,RKC-168Aa
336662799,KC SPARE CONFERENCE,RKC-168BaF
336662800,KC SPARE CONFERENCE,RKC-168CaF
336662801,KC SPARE CONFERENCE,RKC-169a
336662802,KC SPARE CONFERENCE,RKC-169b
336662803,KC SPARE CONFERENCE,RKC-170aF
336662804,KC SPARE CONFERENCE,RKC-170bF
336662805,KC SPARE CONFERENCE,RKC-171Aa
336662806,KC SPARE CONFERENCE,RKC-171Ba
336662807,KC SPARE CONFERENCE,RKC-171Ca
336662808,KC SPARE CONFERENCE,RKC-172a
336662809,KC SPARE CONFERENCE,RKC-172b
336662810,KC SPARE CONFERENCE,RKC-173Aa
336662811,KC SPARE CONFERENCE,RKC-173Ba
336662812,KC SPARE CONFERENCE,RKC-173Ca
336662813,KC SPARE CONFERENCE,RKC-174AaF
336662814,KC SPARE CONFERENCE,RKC-174BaF
336662815,KC SPARE CONFERENCE,RKC-174Ca
336662816,KC SPARE CONFERENCE,RKC-175Aa
336662817,KC SPARE CONFERENCE,RKC-175Ba
336662818,KC SPARE CONFERENCE,RKC-175Ca
336662819,KC SPARE CONFERENCE,RKC-176Aa
336662820,KC SPARE CONFERENCE,RKC-176Ba
336662821,KC SPARE CONFERENCE,RKC-176Ca
336662822,KC SPARE CONFERENCE,RKC-177Aa
336662823,KC SPARE CONFERENCE,RKC-177Ba
336662824,KC SPARE CONFERENCE,RKC-177Ca
336662825,KC SPARE CONFERENCE,RKC-178Aa
336662826,KC SPARE CONFERENCE,RKC-178Ba
336662827,KC SPARE CONFERENCE,RKC-178Ca
336662828,KC SPARE CONFERENCE,RKC-181Aa
336662829,KC SPARE CONFERENCE,RKC-181Ba
336662830,KC SPARE CONFERENCE,RKC-181Ca
336662831,KC SPARE CONFERENCE,RKC-182Aa
336662832,KC SPARE CONFERENCE,RKC-182Ba
336662833,KC SPARE CONFERENCE,RKC-182Ca
336662834,KC SPARE CONFERENCE,RKC-183Aa
336662835,KC SPARE CONFERENCE,RKC-183Ba
336662836,KC SPARE CONFERENCE,RKC-183Ca
336662837,KC SPARE CONFERENCE,RKC-184Aa
336662838,KC SPARE CONFERENCE,RKC-184Ba
336662839,KC SPARE CONFERENCE,RKC-184Ca
336662840,KC SPARE CONFERENCE,RKC-185aR
336662841,KC SPARE CONFERENCE,RKC-186a
336662842,KC SPARE CONFERENCE,RKC-211a
336662843,KC SPARE CONFERENCE,RKC-211b
336662844,KC SPARE CONFERENCE,RKC-213Aa
336662845,KC SPARE CONFERENCE,RKC-213Ba
336662846,KC SPARE CONFERENCE,RKC-213Ca
336662847,KC SPARE CONFERENCE,RKC-214Aa
336662848,KC SPARE CONFERENCE,RKC-214Ba
336662849,KC SPARE CONFERENCE,RKC-214Ca
336662850,KC SPARE CONFERENCE,RKC-216a
336662851,KC SPARE CONFERENCE,RKC-216b
336662852,KC SPARE CONFERENCE,RKC-221a
336662853,KC SPARE CONFERENCE,RKC-221b
336662854,KC SPARE CONFERENCE,RKC-223Aa
336662855,KC SPARE CONFERENCE,RKC-223Ba
336662856,KC SPARE CONFERENCE,RKC-223Ca
336662857,KC SPARE CONFERENCE,RKC-224Aa
336662858,KC SPARE CONFERENCE,RKC-224Ba
336662859,KC SPARE CONFERENCE,RKC-224Ca
336662860,KC SPARE CONFERENCE,RKC-226a
336662861,KC SPARE CONFERENCE,RKC-226b
336662862,KC SPARE CONFERENCE,RKC-230aR
336662863,KC SPARE CONFERENCE,RKC-231aF
336662864,KC SPARE CONFERENCE,RKC-231bF
336662865,KC SPARE CONFERENCE,RKC-232aF
336662866,KC SPARE CONFERENCE,RKC-232bF
336662867,KC SPARE CONFERENCE,RKC-233AaF
336662868,KC SPARE CONFERENCE,RKC-233BaF
336662869,KC SPARE CONFERENCE,RKC-233CaF
336662870,KC SPARE CONFERENCE,RKC-234Aa
336662871,KC SPARE CONFERENCE,RKC-234Ba
336662872,KC SPARE CONFERENCE,RKC-234Ca
336662873,KC SPARE CONFERENCE,RKC-235aF
336662874,KC SPARE CONFERENCE,RKC-235bF
336662875,KC SPARE CONFERENCE,RKC-236a
336662876,KC SPARE CONFERENCE,RKC-236b
336662877,KC SPARE CONFERENCE,RKC-237AaF
336662878,KC SPARE CONFERENCE,RKC-237BaF
336662879,KC SPARE CONFERENCE,RKC-237CaF
336662880,KC SPARE CONFERENCE,RKC-238Aa
336662881,KC SPARE CONFERENCE,RKC-238Ba
336662882,KC SPARE CONFERENCE,RKC-238Ca
336662883,KC SPARE CONFERENCE,RKC-239aF
336662884,KC SPARE CONFERENCE,RKC-239bF
336662885,KC SPARE CONFERENCE,RKC-240a
336662886,KC SPARE CONFERENCE,RKC-240b
336662887,KC SPARE CONFERENCE,RKC-241Aa
336662888,KC SPARE CONFERENCE,RKC-241Ba
336662889,KC SPARE CONFERENCE,RKC-241Ca
336662890,KC SPARE CONFERENCE,RKC-242aF
336662891,KC SPARE CONFERENCE,RKC-242bF
336662892,KC SPARE CONFERENCE,RKC-243Aa
336662893,KC SPARE CONFERENCE,RKC-243Ba
336662894,KC SPARE CONFERENCE,RKC-243Ca
336662895,KC SPARE CONFERENCE,RKC-244AaF
336662896,KC SPARE CONFERENCE,RKC-244BaF
336662897,KC SPARE CONFERENCE,RKC-244CaF
336662898,KC SPARE CONFERENCE,RKC-246AaF
336662899,KC SPARE CONFERENCE,RKC-246BaF
336662900,KC SPARE CONFERENCE,RKC-246CaF
336662901,KC SPARE CONFERENCE,RKC-247Aa
336662902,KC SPARE CONFERENCE,RKC-247Ba
336662903,KC SPARE CONFERENCE,RKC-247Ca
336662904,KC SPARE CONFERENCE,RKC-248AaF
336662905,KC SPARE CONFERENCE,RKC-248BaF
336662906,KC SPARE CONFERENCE,RKC-248CaF
336662907,KC SPARE CONFERENCE,RKC-249Aa
336662908,KC SPARE CONFERENCE,RKC-249Ba
336662909,KC SPARE CONFERENCE,RKC-249Ca
336662910,KC SPARE CONFERENCE,RKC-251Aa
336662911,KC SPARE CONFERENCE,RKC-251Ba
336662912,KC SPARE CONFERENCE,RKC-251Ca
336662913,KC SPARE CONFERENCE,RKC-252AaF
336662914,KC SPARE CONFERENCE,RKC-252BaF
336662915,KC SPARE CONFERENCE,RKC-252CaF
336662916,KC SPARE CONFERENCE,RKC-253Aa
336662917,KC SPARE CONFERENCE,RKC-253Ba
336662918,KC SPARE CONFERENCE,RKC-253Ca
336662919,KC SPARE CONFERENCE,RKC-254AaF
336662920,KC SPARE CONFERENCE,RKC-254BaF
336662921,KC SPARE CONFERENCE,RKC-254CaF
336662922,KC SPARE CONFERENCE,RKC-255aR
336662923,KC SPARE CONFERENCE,RKC-256a
336662924,KC SPARE CONFERENCE,RKC-256b
336662925,KC SPARE CONFERENCE,RKC-260aR
336662926,KC SPARE CONFERENCE,RKC-261a
336662927,KC SPARE CONFERENCE,RKC-261b
336662928,KC SPARE CONFERENCE,RKC-262bF
336662929,KC SPARE CONFERENCE,RKC-263Aa
336662930,KC SPARE CONFERENCE,RKC-263Ba
336662931,KC SPARE CONFERENCE,RKC-263Ca
336662932,KC SPARE CONFERENCE,RKC-264AaF
336662933,KC SPARE CONFERENCE,RKC-264BaF
336662934,KC SPARE CONFERENCE,RKC-264Ca
336662935,KC SPARE CONFERENCE,RKC-265a
336662936,KC SPARE CONFERENCE,RKC-265b
336662937,KC SPARE CONFERENCE,RKC-266aF
336662938,KC SPARE CONFERENCE,RKC-266bF
336662939,KC SPARE CONFERENCE,RKC-267Aa
336662940,KC SPARE CONFERENCE,RKC-267Ba
336662941,KC SPARE CONFERENCE,RKC-267Ca
336662942,KC SPARE CONFERENCE,RKC-268AaF
336662943,KC SPARE CONFERENCE,RKC-268BaF
336662944,KC SPARE CONFERENCE,RKC-268CaF
336662945,KC SPARE CONFERENCE,RKC-269a
336662946,KC SPARE CONFERENCE,RKC-269b
336662947,KC SPARE CONFERENCE,RKC-270a
336662948,KC SPARE CONFERENCE,RKC-270b
336662949,KC SPARE CONFERENCE,RKC-271Aa
336662950,KC SPARE CONFERENCE,RKC-271Ba
336662951,KC SPARE CONFERENCE,RKC-271Ca
336662952,KC SPARE CONFERENCE,RKC-272a
336662953,KC SPARE CONFERENCE,RKC-272b
336662954,KC SPARE CONFERENCE,RKC-273Aa
336662955,KC SPARE CONFERENCE,RKC-273Ba
336662956,KC SPARE CONFERENCE,RKC-273Ca
336662957,KC SPARE CONFERENCE,RKC-274AaF
336662958,KC SPARE CONFERENCE,RKC-274BaF
336662959,KC SPARE CONFERENCE,RKC-274CaF
336662960,KC SPARE CONFERENCE,RKC-275Aa
336662961,KC SPARE CONFERENCE,RKC-275Ba
336662962,KC SPARE CONFERENCE,RKC-275Ca
336662963,KC SPARE CONFERENCE,RKC-276Aa
336662964,KC SPARE CONFERENCE,RKC-276Ba
336662965,KC SPARE CONFERENCE,RKC-276Ca
336662966,KC SPARE CONFERENCE,RKC-277Aa
336662967,KC SPARE CONFERENCE,RKC-277Ba
336662968,KC SPARE CONFERENCE,RKC-277Ca
336662969,KC SPARE CONFERENCE,RKC-278Aa
336662970,KC SPARE CONFERENCE,RKC-278Ba
336662971,KC SPARE CONFERENCE,RKC-278Ca
336662972,KC SPARE CONFERENCE,RKC-281Aa
336662973,KC SPARE CONFERENCE,RKC-281Ba
336662974,KC SPARE CONFERENCE,RKC-281Ca
336662975,KC SPARE CONFERENCE,RKC-282Aa
336662976,KC SPARE CONFERENCE,RKC-282Ba
336662977,KC SPARE CONFERENCE,RKC-282Ca
336662978,KC SPARE CONFERENCE,RKC-283Aa
336662979,KC SPARE CONFERENCE,RKC-283Ba
336662980,KC SPARE CONFERENCE,RKC-283Ca
336662981,KC SPARE CONFERENCE,RKC-284Aa
336662982,KC SPARE CONFERENCE,RKC-284Ba
336662983,KC SPARE CONFERENCE,RKC-284Ca
336662984,KC SPARE CONFERENCE,RKC-285aR
336662985,KC SPARE CONFERENCE,RKC-286a
336662986,KC SPARE CONFERENCE,RKC-286b
336662987,KC SPARE CONFERENCE,RKC-311a
336662988,KC SPARE CONFERENCE,RKC-311b
336662989,KC SPARE CONFERENCE,RKC-313Aa
336662990,KC SPARE CONFERENCE,RKC-313Ba
336662991,KC SPARE CONFERENCE,RKC-313Ca
336662992,KC SPARE CONFERENCE,RKC-314Aa
336662993,KC SPARE CONFERENCE,RKC-314Ba
336662994,KC SPARE CONFERENCE,RKC-314Ca
336662995,KC SPARE CONFERENCE,RKC-316aF
336662996,KC SPARE CONFERENCE,RKC-316b
336662997,KC SPARE CONFERENCE,RKC-321a
336662998,KC SPARE CONFERENCE,RKC-321bF
336662999,KC SPARE CONFERENCE,RKC-323Aa
336663000,KC SPARE CONFERENCE,RKC-323Ba
336663001,KC SPARE CONFERENCE,RKC-323Ca
336663002,KC SPARE CONFERENCE,RKC-324AaF
336663003,KC SPARE CONFERENCE,RKC-324BaF
336663004,KC SPARE CONFERENCE,RKC-324Ca
336663005,KC SPARE CONFERENCE,RKC-326a
336663006,KC SPARE CONFERENCE,RKC-326b
336663007,KC SPARE CONFERENCE,RKC-330aR
336663008,KC SPARE CONFERENCE,RKC-331a
336663009,KC SPARE CONFERENCE,RKC-331b
336663010,KC SPARE CONFERENCE,RKC-332a
336663011,KC SPARE CONFERENCE,RKC-332b
336663012,KC SPARE CONFERENCE,RKC-333Aa
336663013,KC SPARE CONFERENCE,RKC-333Ba
336663014,KC SPARE CONFERENCE,RKC-333Ca
336663015,KC SPARE CONFERENCE,RKC-334AaF
336663016,KC SPARE CONFERENCE,RKC-334Ba
336663017,KC SPARE CONFERENCE,RKC-334Ca
336663018,KC SPARE CONFERENCE,RKC-335a
336663019,KC SPARE CONFERENCE,RKC-335b
336663020,KC SPARE CONFERENCE,RKC-336aF
336663021,KC SPARE CONFERENCE,RKC-336bF
336663022,KC SPARE CONFERENCE,RKC-337Aa
336663023,KC SPARE CONFERENCE,RKC-337Ba
336663024,KC SPARE CONFERENCE,RKC-337Ca
336663025,KC SPARE CONFERENCE,RKC-338Aa
336663026,KC SPARE CONFERENCE,RKC-338BaF
336663027,KC SPARE CONFERENCE,RKC-338Ca
336663028,KC SPARE CONFERENCE,RKC-339a
336663029,KC SPARE CONFERENCE,RKC-339b
336663030,KC SPARE CONFERENCE,RKC-340aF
336663031,KC SPARE CONFERENCE,RKC-340bF
336663032,KC SPARE CONFERENCE,RKC-341Aa
336663033,KC SPARE CONFERENCE,RKC-341Ba
336663034,KC SPARE CONFERENCE,RKC-341Ca
336663035,KC SPARE CONFERENCE,RKC-342aF
336663036,KC SPARE CONFERENCE,RKC-342b
336663037,KC SPARE CONFERENCE,RKC-343Aa
336663038,KC SPARE CONFERENCE,RKC-343Ba
336663039,KC SPARE CONFERENCE,RKC-343Ca
336663040,KC SPARE CONFERENCE,RKC-344AaF
336663041,KC SPARE CONFERENCE,RKC-344Ba
336663042,KC SPARE CONFERENCE,RKC-344Ca
336663043,KC SPARE CONFERENCE,RKC-346Aa
336663044,KC SPARE CONFERENCE,RKC-346Ba
336663045,KC SPARE CONFERENCE,RKC-346Ca
336663046,KC SPARE CONFERENCE,RKC-347Aa
336663047,KC SPARE CONFERENCE,RKC-347Ba
336663048,KC SPARE CONFERENCE,RKC-347Ca
336663049,KC SPARE CONFERENCE,RKC-348Aa
336663050,KC SPARE CONFERENCE,RKC-348Ba
336663051,KC SPARE CONFERENCE,RKC-348Ca
336663052,KC SPARE CONFERENCE,RKC-349Aa
336663053,KC SPARE CONFERENCE,RKC-349Ba
336663054,KC SPARE CONFERENCE,RKC-349Ca
336663055,KC SPARE CONFERENCE,RKC-351Aa
336663056,KC SPARE CONFERENCE,RKC-351Ba
336663057,KC SPARE CONFERENCE,RKC-351Ca
336663058,KC SPARE CONFERENCE,RKC-352Aa
336663059,KC SPARE CONFERENCE,RKC-352Ba
336663060,KC SPARE CONFERENCE,RKC-352Ca
336663061,KC SPARE CONFERENCE,RKC-353Aa
336663062,KC SPARE CONFERENCE,RKC-353Ba
336663063,KC SPARE CONFERENCE,RKC-353Ca
336663064,KC SPARE CONFERENCE,RKC-354Aa
336663065,KC SPARE CONFERENCE,RKC-354Ba
336663066,KC SPARE CONFERENCE,RKC-354Ca
336663067,KC SPARE CONFERENCE,RKC-355aR
336663068,KC SPARE CONFERENCE,RKC-356a
336663069,KC SPARE CONFERENCE,RKC-356b
336663070,KC SPARE CONFERENCE,RKC-360aR
336663071,KC SPARE CONFERENCE,RKC-361a
336663072,KC SPARE CONFERENCE,RKC-361b
336663073,KC SPARE CONFERENCE,RKC-362aF
336663074,KC SPARE CONFERENCE,RKC-362bF
336663075,KC SPARE CONFERENCE,RKC-363AaF
336663076,KC SPARE CONFERENCE,RKC-363BaF
336663077,KC SPARE CONFERENCE,RKC-363Ca
336663078,KC SPARE CONFERENCE,RKC-364AaF
336663079,KC SPARE CONFERENCE,RKC-364Ba
336663080,KC SPARE CONFERENCE,RKC-364Ca
336663081,KC SPARE CONFERENCE,RKC-365aF
336663082,KC SPARE CONFERENCE,RKC-365b
336663083,KC SPARE CONFERENCE,RKC-366a
336663084,KC SPARE CONFERENCE,RKC-366b
336663085,KC SPARE CONFERENCE,RKC-367Aa
336663086,KC SPARE CONFERENCE,RKC-367BaF
336663087,KC SPARE CONFERENCE,RKC-367Ca
336663088,KC SPARE CONFERENCE,RKC-368Aa
336663089,KC SPARE CONFERENCE,RKC-368Ba
336663090,KC SPARE CONFERENCE,RKC-369aF
336663091,KC SPARE CONFERENCE,RKC-369bF
336663092,KC SPARE CONFERENCE,RKC-370a
336663093,KC SPARE CONFERENCE,RKC-370b
336663094,KC SPARE CONFERENCE,RKC-371Aa
336663095,KC SPARE CONFERENCE,RKC-371Ba
336663096,KC SPARE CONFERENCE,RKC-371Ca
336663097,KC SPARE CONFERENCE,RKC-372a
336663098,KC SPARE CONFERENCE,RKC-372b
336663099,KC SPARE CONFERENCE,RKC-373Aa
336663100,KC SPARE CONFERENCE,RKC-373Ba
336663101,KC SPARE CONFERENCE,RKC-373Ca
336663102,KC SPARE CONFERENCE,RKC-374Aa
336663103,KC SPARE CONFERENCE,RKC-374Ba
336663104,KC SPARE CONFERENCE,RKC-374Ca
336663105,KC SPARE CONFERENCE,RKC-375Aa
336663106,KC SPARE CONFERENCE,RKC-375Ba
336663107,KC SPARE CONFERENCE,RKC-375Ca
336663108,KC SPARE CONFERENCE,RKC-376Aa
336663109,KC SPARE CONFERENCE,RKC-376Ba
336663110,KC SPARE CONFERENCE,RKC-376Ca
336663111,KC SPARE CONFERENCE,RKC-377Aa
336663112,KC SPARE CONFERENCE,RKC-377Ba
336663113,KC SPARE CONFERENCE,RKC-377Ca
336663114,KC SPARE CONFERENCE,RKC-378Aa
336663115,KC SPARE CONFERENCE,RKC-378Ba
336663116,KC SPARE CONFERENCE,RKC-378Ca
336663117,KC SPARE CONFERENCE,RKC-381Aa
336663118,KC SPARE CONFERENCE,RKC-381Ba
336663119,KC SPARE CONFERENCE,RKC-381Ca
336663120,KC SPARE CONFERENCE,RKC-382Aa
336663121,KC SPARE CONFERENCE,RKC-382Ba
336663122,KC SPARE CONFERENCE,RKC-382Ca
336663123,KC SPARE CONFERENCE,RKC-383Aa
336663124,KC SPARE CONFERENCE,RKC-383Ba
336663125,KC SPARE CONFERENCE,RKC-383Ca
336663126,KC SPARE CONFERENCE,RKC-384Aa
336663127,KC SPARE CONFERENCE,RKC-384Ba
336663128,KC SPARE CONFERENCE,RKC-384Ca
336663129,KC SPARE CONFERENCE,RKC-385aR
336663130,KC SPARE CONFERENCE,RKC-386a
336663131,KC SPARE CONFERENCE,RKC-386b
336663132,KC CONFERENCE,RKC-186b
336663133,KC CONFERENCE,RKC-262A
336663134,KC CONFERENCE,RKC-386C
336663135,KC SPARE CONFERENCE,RKC-186B
336663136,KC SPARE CONFERENCE,RKC-262A
336663137,KC SPARE CONFERENCE,RKC-386C
,,
,,
,,
,,
,,
,,
,,
,,
,,
,,
,,
,,
,,
,,
,,
,,
,,
,,
,,
,,
,,
,,
,,
,,
,,
,,
,,
,,
,,
,,
,,
,,
,,
,,
,,
,,
,,
,,
,,
,,
,,
,,
,,
,,
,,
,,
,,
,,
,,
,,
,,
,,
,,
,,
,,
,,
,,
,,
,,
,,
,,
,,
,,
,,
,,
,,
,,
,,
,,
,,
,,
,,
,,
,,
,,
,,
,,
,,
,,
,,
,,
,,
,,
,,
,,
,,
,,
,,
,,
,,
,,
,,
,,
,,
,,
,,
,,
,,
,,
,,
,,
,,
,,
,,
,,
,,
,,
,,
,,
,,
,,
,,
,,
,,
,,
,,
,,
,,
,,
,,
,,
,,
,,
,,
,,
,,
,,
,,
,,
,,
,,
,,
,,
,,
,,
,,
,,
,,
,,
,,
,,
,,
,,
,,
,,
,,
,,
,,
,,
,,
,,
,,
,,
,,
,,
,,
,,
,,
,,
,,
,,
