PIK,Hall,Room #
336660000,VH CONFERENCE,RVH-2018a
336660001,VH CONFERENCE,RVH-2018b
336660002,VH CONFERENCE,RVH-2020a
336660003,VH CONFERENCE,RVH-2020b
336660004,VH CONFERENCE,RVH-2021a
336660005,VH CONFERENCE,RVH-2021b
336660006,VH CONFERENCE,RVH-2022a
336660007,VH CONFERENCE,RVH-2022b
336660008,VH CONFERENCE,RVH-2023a
336660009,VH CONFERENCE,RVH-2023b
336660010,VH CONFERENCE,RVH-2024a
336660011,VH CONFERENCE,RVH-2024b
336660012,VH CONFERENCE,RVH-2025a
336660013,VH CONFERENCE,RVH-2025b
336660014,VH CONFERENCE,RVH-2026a
336660015,VH CONFERENCE,RVH-2026b
336660016,VH CONFERENCE,RVH-2027a
336660017,VH CONFERENCE,RVH-2027b
336660018,VH CONFERENCE,RVH-2028a
336660019,VH CONFERENCE,RVH-2028b
336660020,VH CONFERENCE,RVH-2029a
336660021,VH CONFERENCE,RVH-2029b
336660022,VH CONFERENCE,RVH-2030a
336660023,VH CONFERENCE,RVH-2030b
336660024,VH CONFERENCE,RVH-2031a
336660025,VH CONFERENCE,RVH-2031b
336660026,VH CONFERENCE,RVH-2032a
336660027,VH CONFERENCE,RVH-2032b
336660028,VH CONFERENCE,RVH-2033a
336660029,VH CONFERENCE,RVH-2033b
336660030,VH CONFERENCE,RVH-2034a
336660031,VH CONFERENCE,RVH-2034b
336660032,VH CONFERENCE,RVH-2035a
336660033,VH CONFERENCE,RVH-2035b
336660034,VH CONFERENCE,RVH-2036a
336660035,VH CONFERENCE,RVH-2036b
336660036,VH CONFERENCE,RVH-2037a
336660037,VH CONFERENCE,RVH-2037b
336660038,VH CONFERENCE,RVH-2038a
336660039,VH CONFERENCE,RVH-2038b
336660040,VH CONFERENCE,RVH-2039a
336660041,VH CONFERENCE,RVH-2039b
336660042,VH CONFERENCE,RVH-2040a
336660043,VH CONFERENCE,RVH-2040b
336660044,VH CONFERENCE,RVH-2041a
336660045,VH CONFERENCE,RVH-2041b
336660046,VH CONFERENCE,RVH-2043a
336660047,VH CONFERENCE,RVH-2043b
336660048,VH CONFERENCE,RVH-2045a
336660049,VH CONFERENCE,RVH-2045b
336660050,VH CONFERENCE,RVH-2047a
336660051,VH CONFERENCE,RVH-2047b
336660052,VH CONFERENCE,RVH-2049a
336660053,VH CONFERENCE,RVH-2049b
336660054,VH CONFERENCE,RVH-2057a
336660055,VH CONFERENCE,RVH-2057b
336660056,VH CONFERENCE,RVH-2058a
336660057,VH CONFERENCE,RVH-2058b
336660058,VH CONFERENCE,RVH-2060a
336660059,VH CONFERENCE,RVH-2060b
336660060,VH CONFERENCE,RVH-2061a
336660061,VH CONFERENCE,RVH-2061b
336660062,VH CONFERENCE,RVH-2062a
336660063,VH CONFERENCE,RVH-2062b
336660064,VH CONFERENCE,RVH-2063a
336660065,VH CONFERENCE,RVH-2063b
336660066,VH CONFERENCE,RVH-2064a
336660067,VH CONFERENCE,RVH-2064b
336660068,VH CONFERENCE,RVH-2065a
336660069,VH CONFERENCE,RVH-2065b
336660070,VH CONFERENCE,RVH-2066a
336660071,VH CONFERENCE,RVH-2066b
336660072,VH CONFERENCE,RVH-2067a
336660073,VH CONFERENCE,RVH-2067b
336660074,VH CONFERENCE,RVH-2068a
336660075,VH CONFERENCE,RVH-2068b
336660076,VH CONFERENCE,RVH-2069a
336660077,VH CONFERENCE,RVH-2069b
336660078,VH CONFERENCE,RVH-2070a
336660079,VH CONFERENCE,RVH-2070b
336660080,VH CONFERENCE,RVH-2071a
336660081,VH CONFERENCE,RVH-2071b
336660082,VH CONFERENCE,RVH-2073a
336660083,VH CONFERENCE,RVH-2073b
336660084,VH CONFERENCE,RVH-2075a
336660085,VH CONFERENCE,RVH-2075b
336660086,VH CONFERENCE,RVH-2077a
336660087,VH CONFERENCE,RVH-2077b
336660088,VH CONFERENCE,RVH-2079a
336660089,VH CONFERENCE,RVH-2079b
336660090,VH CONFERENCE,RVH-2081a
336660091,VH CONFERENCE,RVH-2081b
336660092,VH CONFERENCE,RVH-2083a
336660093,VH CONFERENCE,RVH-2083b
336660094,VH CONFERENCE,RVH-2085a
336660095,VH CONFERENCE,RVH-2085b
336660096,VH CONFERENCE,RVH-2087a
336660097,VH CONFERENCE,RVH-2087b
336660098,VH CONFERENCE,RVH-2088a
336660099,VH CONFERENCE,RVH-2088b
336660100,VH CONFERENCE,RVH-2089a
336660101,VH CONFERENCE,RVH-2089b
336660102,VH CONFERENCE,RVH-2090a
336660103,VH CONFERENCE,RVH-2090b
336660104,VH CONFERENCE,RVH-2091a
336660105,VH CONFERENCE,RVH-2091b
336660106,VH CONFERENCE,RVH-2092a
336660107,VH CONFERENCE,RVH-2092b
336660108,VH CONFERENCE,RVH-2093a
336660109,VH CONFERENCE,RVH-2093b
336660110,VH CONFERENCE,RVH-2094a
336660111,VH CONFERENCE,RVH-2094b
336660112,VH CONFERENCE,RVH-2095a
336660113,VH CONFERENCE,RVH-2095b
336660114,VH CONFERENCE,RVH-2096a
336660115,VH CONFERENCE,RVH-2096b
336660116,VH CONFERENCE,RVH-2097a
336660117,VH CONFERENCE,RVH-2097b
336660118,VH CONFERENCE,RVH-2098a
336660119,VH CONFERENCE,RVH-2098b
336660120,VH CONFERENCE,RVH-2099a
336660121,VH CONFERENCE,RVH-2099b
336660122,VH CONFERENCE,RVH-2100a
336660123,VH CONFERENCE,RVH-2100b
336660124,VH CONFERENCE,RVH-2101a
336660125,VH CONFERENCE,RVH-2101b
336660126,VH CONFERENCE,RVH-2102a
336660127,VH CONFERENCE,RVH-2102b
336660128,VH CONFERENCE,RVH-2104a
336660129,VH CONFERENCE,RVH-2104b
336660130,VH CONFERENCE,RVH-2105a
336660131,VH CONFERENCE,RVH-2105b
336660132,VH CONFERENCE,RVH-2106a
336660133,VH CONFERENCE,RVH-2106b
336660134,VH CONFERENCE,RVH-2107a
336660135,VH CONFERENCE,RVH-2107b
336660136,VH CONFERENCE,RVH-2108a
336660137,VH CONFERENCE,RVH-2108b
336660138,VH CONFERENCE,RVH-2109a
336660139,VH CONFERENCE,RVH-2109b
336660140,VH CONFERENCE,RVH-2111a
336660141,VH CONFERENCE,RVH-2111b
336660142,VH CONFERENCE,RVH-2113a
336660143,VH CONFERENCE,RVH-2113b
336660144,VH CONFERENCE,RVH-2115a
336660145,VH CONFERENCE,RVH-2115b
336660146,VH CONFERENCE,RVH-2117a
336660147,VH CONFERENCE,RVH-2117b
336660148,VH CONFERENCE,RVH-2119a
336660149,VH CONFERENCE,RVH-2119b
336660150,VH CONFERENCE,RVH-3001a
336660151,VH CONFERENCE,RVH-3001b
336660152,VH CONFERENCE,RVH-3003a
336660153,VH CONFERENCE,RVH-3003b
336660154,VH CONFERENCE,RVH-3005a
336660155,VH CONFERENCE,RVH-3005b
336660156,VH CONFERENCE,RVH-3007a
336660157,VH CONFERENCE,RVH-3007b
336660158,VH CONFERENCE,RVH-3009a
336660159,VH CONFERENCE,RVH-3009b
336660160,VH CONFERENCE,RVH-3011a
336660161,VH CONFERENCE,RVH-3011b
336660162,VH CONFERENCE,RVH-3012a
336660163,VH CONFERENCE,RVH-3012b
336660164,VH CONFERENCE,RVH-3013a
336660165,VH CONFERENCE,RVH-3013b
336660166,VH CONFERENCE,RVH-3014a
336660167,VH CONFERENCE,RVH-3014b
336660168,VH CONFERENCE,RVH-3015a
336660169,VH CONFERENCE,RVH-3015b
336660170,VH CONFERENCE,RVH-3016a
336660171,VH CONFERENCE,RVH-3016b
336660172,VH CONFERENCE,RVH-3017a
336660173,VH CONFERENCE,RVH-3017b
336660174,VH CONFERENCE,RVH-3018a
336660175,VH CONFERENCE,RVH-3018b
336660176,VH CONFERENCE,RVH-3020a
336660177,VH CONFERENCE,RVH-3020b
336660178,VH CONFERENCE,RVH-3021a
336660179,VH CONFERENCE,RVH-3021b
336660180,VH CONFERENCE,RVH-3022a
336660181,VH CONFERENCE,RVH-3022b
336660182,VH CONFERENCE,RVH-3023a
336660183,VH CONFERENCE,RVH-3023b
336660184,VH CONFERENCE,RVH-3024a
336660185,VH CONFERENCE,RVH-3024b
336660186,VH CONFERENCE,RVH-3025a
336660187,VH CONFERENCE,RVH-3025b
336660188,VH CONFERENCE,RVH-3026a
336660189,VH CONFERENCE,RVH-3026b
336660190,VH CONFERENCE,RVH-3027a
336660191,VH CONFERENCE,RVH-3027b
336660192,VH CONFERENCE,RVH-3028a
336660193,VH CONFERENCE,RVH-3028b
336660194,VH CONFERENCE,RVH-3029a
336660195,VH CONFERENCE,RVH-3029b
336660196,VH CONFERENCE,RVH-3030a
336660197,VH CONFERENCE,RVH-3030b
336660198,VH CONFERENCE,RVH-3031a
336660199,VH CONFERENCE,RVH-3031b
336660200,VH CONFERENCE,RVH-3032a
336660201,VH CONFERENCE,RVH-3032b
336660202,VH CONFERENCE,RVH-3033a
336660203,VH CONFERENCE,RVH-3033b
336660204,VH CONFERENCE,RVH-3034a
336660205,VH CONFERENCE,RVH-3034b
336660206,VH CONFERENCE,RVH-3035a
336660207,VH CONFERENCE,RVH-3035b
336660208,VH CONFERENCE,RVH-3036a
336660209,VH CONFERENCE,RVH-3036b
336660210,VH CONFERENCE,RVH-3037a
336660211,VH CONFERENCE,RVH-3037b
336660212,VH CONFERENCE,RVH-3038a
336660213,VH CONFERENCE,RVH-3038b
336660214,VH CONFERENCE,RVH-3039a
336660215,VH CONFERENCE,RVH-3039b
336660216,VH CONFERENCE,RVH-3040a
336660217,VH CONFERENCE,RVH-3040b
336660218,VH CONFERENCE,RVH-3041a
336660219,VH CONFERENCE,RVH-3041b
336660220,VH CONFERENCE,RVH-3043a
336660221,VH CONFERENCE,RVH-3043b
336660222,VH CONFERENCE,RVH-3045a
336660223,VH CONFERENCE,RVH-3045b
336660224,VH CONFERENCE,RVH-3047a
336660225,VH CONFERENCE,RVH-3047b
336660226,VH CONFERENCE,RVH-3049a
336660227,VH CONFERENCE,RVH-3049b
336660228,VH CONFERENCE,RVH-3051a
336660229,VH CONFERENCE,RVH-3051b
336660230,VH CONFERENCE,RVH-3053a
336660231,VH CONFERENCE,RVH-3053b
336660232,VH CONFERENCE,RVH-3054a
336660233,VH CONFERENCE,RVH-3054b
336660234,VH CONFERENCE,RVH-3055a
336660235,VH CONFERENCE,RVH-3055b
336660236,VH CONFERENCE,RVH-3056a
336660237,VH CONFERENCE,RVH-3056b
336660238,VH CONFERENCE,RVH-3057a
336660239,VH CONFERENCE,RVH-3057b
336660240,VH CONFERENCE,RVH-3058a
336660241,VH CONFERENCE,RVH-3058b
336660242,VH CONFERENCE,RVH-3060a
336660243,VH CONFERENCE,RVH-3060b
336660244,VH CONFERENCE,RVH-3061a
336660245,VH CONFERENCE,RVH-3061b
336660246,VH CONFERENCE,RVH-3062a
336660247,VH CONFERENCE,RVH-3062b
336660248,VH CONFERENCE,RVH-3063a
336660249,VH CONFERENCE,RVH-3063b
336660250,VH CONFERENCE,RVH-3064a
336660251,VH CONFERENCE,RVH-3064b
336660252,VH CONFERENCE,RVH-3065a
336660253,VH CONFERENCE,RVH-3065b
336660254,VH CONFERENCE,RVH-3066a
336660255,VH CONFERENCE,RVH-3066b
336660256,VH CONFERENCE,RVH-3067a
336660257,VH CONFERENCE,RVH-3067b
336660258,VH CONFERENCE,RVH-3068a
336660259,VH CONFERENCE,RVH-3068b
336660260,VH CONFERENCE,RVH-3069a
336660261,VH CONFERENCE,RVH-3069b
336660262,VH CONFERENCE,RVH-3070a
336660263,VH CONFERENCE,RVH-3070b
336660264,VH CONFERENCE,RVH-3071a
336660265,VH CONFERENCE,RVH-3071b
336660266,VH CONFERENCE,RVH-3073a
336660267,VH CONFERENCE,RVH-3073b
336660268,VH CONFERENCE,RVH-3075a
336660269,VH CONFERENCE,RVH-3075b
336660270,VH CONFERENCE,RVH-3077a
336660271,VH CONFERENCE,RVH-3077b
336660272,VH CONFERENCE,RVH-3079a
336660273,VH CONFERENCE,RVH-3079b
336660274,VH CONFERENCE,RVH-3081a
336660275,VH CONFERENCE,RVH-3081b
336660276,VH CONFERENCE,RVH-3083a
336660277,VH CONFERENCE,RVH-3083b
336660278,VH CONFERENCE,RVH-3085a
336660279,VH CONFERENCE,RVH-3085b
336660280,VH CONFERENCE,RVH-3087a
336660281,VH CONFERENCE,RVH-3087b
336660282,VH CONFERENCE,RVH-3088a
336660283,VH CONFERENCE,RVH-3088b
336660284,VH CONFERENCE,RVH-3089a
336660285,VH CONFERENCE,RVH-3089b
336660286,VH CONFERENCE,RVH-3090a
336660287,VH CONFERENCE,RVH-3090b
336660288,VH CONFERENCE,RVH-3091a
336660289,VH CONFERENCE,RVH-3091b
336660290,VH CONFERENCE,RVH-3092a
336660291,VH CONFERENCE,RVH-3092b
336660292,VH CONFERENCE,RVH-3093a
336660293,VH CONFERENCE,RVH-3093b
336660294,VH CONFERENCE,RVH-3094a
336660295,VH CONFERENCE,RVH-3094b
336660296,VH CONFERENCE,RVH-3095a
336660297,VH CONFERENCE,RVH-3095b
336660298,VH CONFERENCE,RVH-3096a
336660299,VH CONFERENCE,RVH-3096b
336660300,VH CONFERENCE,RVH-3097a
336660301,VH CONFERENCE,RVH-3097b
336660302,VH CONFERENCE,RVH-3098a
336660303,VH CONFERENCE,RVH-3098b
336660304,VH CONFERENCE,RVH-3099a
336660305,VH CONFERENCE,RVH-3099b
336660306,VH CONFERENCE,RVH-3100a
336660307,VH CONFERENCE,RVH-3100b
336660308,VH CONFERENCE,RVH-3101a
336660309,VH CONFERENCE,RVH-3101b
336660310,VH CONFERENCE,RVH-3102a
336660311,VH CONFERENCE,RVH-3102b
336660312,VH CONFERENCE,RVH-3104a
336660313,VH CONFERENCE,RVH-3104b
336660314,VH CONFERENCE,RVH-3105a
336660315,VH CONFERENCE,RVH-3105b
336660316,VH CONFERENCE,RVH-3106a
336660317,VH CONFERENCE,RVH-3106b
336660318,VH CONFERENCE,RVH-3107a
336660319,VH CONFERENCE,RVH-3107b
336660320,VH CONFERENCE,RVH-3108a
336660321,VH CONFERENCE,RVH-3108b
336660322,VH CONFERENCE,RVH-3109a
336660323,VH CONFERENCE,RVH-3109b
336660324,VH CONFERENCE,RVH-3111a
336660325,VH CONFERENCE,RVH-3111b
336660326,VH CONFERENCE,RVH-3113a
336660327,VH CONFERENCE,RVH-3113b
336660328,VH CONFERENCE,RVH-3115a
336660329,VH CONFERENCE,RVH-3115b
336660330,VH CONFERENCE,RVH-3117a
336660331,VH CONFERENCE,RVH-3117b
336660332,VH CONFERENCE,RVH-3119a
336660333,VH CONFERENCE,RVH-3119b
336660334,VH CONFERENCE,RVH-4001a
336660335,VH CONFERENCE,RVH-4001b
336660336,VH CONFERENCE,RVH-4003a
336660337,VH CONFERENCE,RVH-4003b
336660338,VH CONFERENCE,RVH-4005a
336660339,VH CONFERENCE,RVH-4005b
336660340,VH CONFERENCE,RVH-4007a
336660341,VH CONFERENCE,RVH-4007b
336660342,VH CONFERENCE,RVH-4009a
336660343,VH CONFERENCE,RVH-4009b
336660344,VH CONFERENCE,RVH-4011a
336660345,VH CONFERENCE,RVH-4011b
336660346,VH CONFERENCE,RVH-4012a
336660347,VH CONFERENCE,RVH-4012b
336660348,VH CONFERENCE,RVH-4013a
336660349,VH CONFERENCE,RVH-4013b
336660350,VH CONFERENCE,RVH-4014a
336660351,VH CONFERENCE,RVH-4014b
336660352,VH CONFERENCE,RVH-4015a
336660353,VH CONFERENCE,RVH-4015b
336660354,VH CONFERENCE,RVH-4016a
336660355,VH CONFERENCE,RVH-4016b
336660356,VH CONFERENCE,RVH-4017a
336660357,VH CONFERENCE,RVH-4017b
336660358,VH CONFERENCE,RVH-4018a
336660359,VH CONFERENCE,RVH-4018b
336660360,VH CONFERENCE,RVH-4020a
336660361,VH CONFERENCE,RVH-4020b
336660362,VH CONFERENCE,RVH-4021a
336660363,VH CONFERENCE,RVH-4021b
336660364,VH CONFERENCE,RVH-4022a
336660365,VH CONFERENCE,RVH-4022b
336660366,VH CONFERENCE,RVH-4023a
336660367,VH CONFERENCE,RVH-4023b
336660368,VH CONFERENCE,RVH-4024a
336660369,VH CONFERENCE,RVH-4024b
336660370,VH CONFERENCE,RVH-4025a
336660371,VH CONFERENCE,RVH-4025b
336660372,VH CONFERENCE,RVH-4026a
336660373,VH CONFERENCE,RVH-4026b
336660374,VH CONFERENCE,RVH-4027a
336660375,VH CONFERENCE,RVH-4027b
336660376,VH CONFERENCE,RVH-4028a
336660377,VH CONFERENCE,RVH-4028b
336660378,VH CONFERENCE,RVH-4029a
336660379,VH CONFERENCE,RVH-4029b
336660380,VH CONFERENCE,RVH-4030a
336660381,VH CONFERENCE,RVH-4030b
336660382,VH CONFERENCE,RVH-4031a
336660383,VH CONFERENCE,RVH-4031b
336660384,VH CONFERENCE,RVH-4032a
336660385,VH CONFERENCE,RVH-4032b
336660386,VH CONFERENCE,RVH-4033a
336660387,VH CONFERENCE,RVH-4033b
336660388,VH CONFERENCE,RVH-4034a
336660389,VH CONFERENCE,RVH-4034b
336660390,VH CONFERENCE,RVH-4035a
336660391,VH CONFERENCE,RVH-4035b
336660392,VH CONFERENCE,RVH-4036a
336660393,VH CONFERENCE,RVH-4036b
336660394,VH CONFERENCE,RVH-4037a
336660395,VH CONFERENCE,RVH-4037b
336660396,VH CONFERENCE,RVH-4038a
336660397,VH CONFERENCE,RVH-4038b
336660398,VH CONFERENCE,RVH-4039a
336660399,VH CONFERENCE,RVH-4039b
336660400,VH CONFERENCE,RVH-4040a
336660401,VH CONFERENCE,RVH-4040b
336660402,VH CONFERENCE,RVH-4041a
336660403,VH CONFERENCE,RVH-4041b
336660404,VH CONFERENCE,RVH-4043a
336660405,VH CONFERENCE,RVH-4043b
336660406,VH CONFERENCE,RVH-4045a
336660407,VH CONFERENCE,RVH-4045b
336660408,VH CONFERENCE,RVH-4047a
336660409,VH CONFERENCE,RVH-4047b
336660410,VH CONFERENCE,RVH-4049a
336660411,VH CONFERENCE,RVH-4049b
336660412,VH CONFERENCE,RVH-4051a
336660413,VH CONFERENCE,RVH-4051b
336660414,VH CONFERENCE,RVH-4053a
336660415,VH CONFERENCE,RVH-4053b
336660416,VH CONFERENCE,RVH-4054a
336660417,VH CONFERENCE,RVH-4054b
336660418,VH CONFERENCE,RVH-4055a
336660419,VH CONFERENCE,RVH-4055b
336660420,VH CONFERENCE,RVH-4056a
336660421,VH CONFERENCE,RVH-4056b
336660422,VH CONFERENCE,RVH-4057a
336660423,VH CONFERENCE,RVH-4057b
336660424,VH CONFERENCE,RVH-4058a
336660425,VH CONFERENCE,RVH-4058b
336660426,VH CONFERENCE,RVH-4060a
336660427,VH CONFERENCE,RVH-4060b
336660428,VH CONFERENCE,RVH-4061a
336660429,VH CONFERENCE,RVH-4061b
336660430,VH CONFERENCE,RVH-4062a
336660431,VH CONFERENCE,RVH-4062b
336660432,VH CONFERENCE,RVH-4063a
336660433,VH CONFERENCE,RVH-4063b
336660434,VH CONFERENCE,RVH-4064a
336660435,VH CONFERENCE,RVH-4064b
336660436,VH CONFERENCE,RVH-4065a
336660437,VH CONFERENCE,RVH-4065b
336660438,VH CONFERENCE,RVH-4066a
336660439,VH CONFERENCE,RVH-4066b
336660440,VH CONFERENCE,RVH-4067a
336660441,VH CONFERENCE,RVH-4067b
336660442,VH CONFERENCE,RVH-4068a
336660443,VH CONFERENCE,RVH-4068b
336660444,VH CONFERENCE,RVH-4069a
336660445,VH CONFERENCE,RVH-4069b
336660446,VH CONFERENCE,RVH-4070a
336660447,VH CONFERENCE,RVH-4070b
336660448,VH CONFERENCE,RVH-4071a
336660449,VH CONFERENCE,RVH-4071b
336660450,VH CONFERENCE,RVH-4073a
336660451,VH CONFERENCE,RVH-4073b
336660452,VH CONFERENCE,RVH-4075a
336660453,VH CONFERENCE,RVH-4075b
336660454,VH CONFERENCE,RVH-4077a
336660455,VH CONFERENCE,RVH-4077b
336660456,VH CONFERENCE,RVH-4079a
336660457,VH CONFERENCE,RVH-4079b
336660458,VH CONFERENCE,RVH-4081a
336660459,VH CONFERENCE,RVH-4081b
336660460,VH CONFERENCE,RVH-4083a
336660461,VH CONFERENCE,RVH-4083b
336660462,VH CONFERENCE,RVH-4085a
336660463,VH CONFERENCE,RVH-4085b
336660464,VH CONFERENCE,RVH-4087a
336660465,VH CONFERENCE,RVH-4087b
336660466,VH CONFERENCE,RVH-4088a
336660467,VH CONFERENCE,RVH-4088b
336660468,VH CONFERENCE,RVH-4089a
336660469,VH CONFERENCE,RVH-4089b
336660470,VH CONFERENCE,RVH-4090a
336660471,VH CONFERENCE,RVH-4090b
336660472,VH CONFERENCE,RVH-4091a
336660473,VH CONFERENCE,RVH-4091b
336660474,VH CONFERENCE,RVH-4092a
336660475,VH CONFERENCE,RVH-4092b
336660476,VH CONFERENCE,RVH-4093a
336660477,VH CONFERENCE,RVH-4093b
336660478,VH CONFERENCE,RVH-4094a
336660479,VH CONFERENCE,RVH-4094b
336660480,VH CONFERENCE,RVH-4095a
336660481,VH CONFERENCE,RVH-4095b
336660482,VH CONFERENCE,RVH-4096a
336660483,VH CONFERENCE,RVH-4096b
336660484,VH CONFERENCE,RVH-4097a
336660485,VH CONFERENCE,RVH-4097b
336660486,VH CONFERENCE,RVH-4098a
336660487,VH CONFERENCE,RVH-4098b
336660488,VH CONFERENCE,RVH-4099a
a,VH CONFERENCE,RVH-4099b
336660490,VH CONFERENCE,RVH-4100a
336660491,VH CONFERENCE,RVH-4100b
336660492,VH CONFERENCE,RVH-4101a
336660493,VH CONFERENCE,RVH-4101b
336660494,VH CONFERENCE,RVH-4102a
336660495,VH CONFERENCE,RVH-4102b
336660496,VH CONFERENCE,RVH-4104a
336660497,VH CONFERENCE,RVH-4104b
336660498,VH CONFERENCE,RVH-4105a
336660499,VH CONFERENCE,RVH-4105b
336660500,VH CONFERENCE,RVH-4106a
336660501,VH CONFERENCE,RVH-4106b
336660502,VH CONFERENCE,RVH-4107a
336660503,VH CONFERENCE,RVH-4107b
336660504,VH CONFERENCE,RVH-4108a
336660505,VH CONFERENCE,RVH-4108b
336660506,VH CONFERENCE,RVH-4109a
336660507,VH CONFERENCE,RVH-4109b
336660508,VH CONFERENCE,RVH-4111a
336660509,VH CONFERENCE,RVH-4111b
336660510,VH CONFERENCE,RVH-4113a
336660511,VH CONFERENCE,RVH-4113b
336660512,VH CONFERENCE,RVH-4115a
336660513,VH CONFERENCE,RVH-4115b
336660514,VH CONFERENCE,RVH-4117a
336660515,VH CONFERENCE,RVH-4117b
336660516,VH CONFERENCE,RVH-4119a
336660517,VH CONFERENCE,RVH-4119b
336660518,VH SPARE CONFERENCE,RVH-2018a
336660519,VH SPARE CONFERENCE,RVH-2018b
336660520,VH SPARE CONFERENCE,RVH-2020a
336660521,VH SPARE CONFERENCE,RVH-2020b
336660522,VH SPARE CONFERENCE,RVH-2021a
336660523,VH SPARE CONFERENCE,RVH-2021b
336660524,VH SPARE CONFERENCE,RVH-2022a
336660525,VH SPARE CONFERENCE,RVH-2022b
336660526,VH SPARE CONFERENCE,RVH-2023a
336660527,VH SPARE CONFERENCE,RVH-2023b
336660528,VH SPARE CONFERENCE,RVH-2024a
336660529,VH SPARE CONFERENCE,RVH-2024b
336660530,VH SPARE CONFERENCE,RVH-2025a
336660531,VH SPARE CONFERENCE,RVH-2025b
336660532,VH SPARE CONFERENCE,RVH-2026a
336660533,VH SPARE CONFERENCE,RVH-2026b
336660534,VH SPARE CONFERENCE,RVH-2027a
336660535,VH SPARE CONFERENCE,RVH-2027b
336660536,VH SPARE CONFERENCE,RVH-2028a
336660537,VH SPARE CONFERENCE,RVH-2028b
336660538,VH SPARE CONFERENCE,RVH-2029a
336660539,VH SPARE CONFERENCE,RVH-2029b
336660540,VH SPARE CONFERENCE,RVH-2030a
336660541,VH SPARE CONFERENCE,RVH-2030b
336660542,VH SPARE CONFERENCE,RVH-2031a
336660543,VH SPARE CONFERENCE,RVH-2031b
336660544,VH SPARE CONFERENCE,RVH-2032a
336660545,VH SPARE CONFERENCE,RVH-2032b
336660546,VH SPARE CONFERENCE,RVH-2033a
336660547,VH SPARE CONFERENCE,RVH-2033b
336660548,VH SPARE CONFERENCE,RVH-2034a
336660549,VH SPARE CONFERENCE,RVH-2034b
336660550,VH SPARE CONFERENCE,RVH-2035a
336660551,VH SPARE CONFERENCE,RVH-2035b
336660552,VH SPARE CONFERENCE,RVH-2036a
336660553,VH SPARE CONFERENCE,RVH-2036b
336660554,VH SPARE CONFERENCE,RVH-2037a
336660555,VH SPARE CONFERENCE,RVH-2037b
336660556,VH SPARE CONFERENCE,RVH-2038a
336660557,VH SPARE CONFERENCE,RVH-2038b
336660558,VH SPARE CONFERENCE,RVH-2039a
336660559,VH SPARE CONFERENCE,RVH-2039b
336660560,VH SPARE CONFERENCE,RVH-2040a
336660561,VH SPARE CONFERENCE,RVH-2040b
336660562,VH SPARE CONFERENCE,RVH-2041a
336660563,VH SPARE CONFERENCE,RVH-2041b
336660564,VH SPARE CONFERENCE,RVH-2043a
336660565,VH SPARE CONFERENCE,RVH-2043b
336660566,VH SPARE CONFERENCE,RVH-2045a
336660567,VH SPARE CONFERENCE,RVH-2045b
336660568,VH SPARE CONFERENCE,RVH-2047a
336660569,VH SPARE CONFERENCE,RVH-2047b
336660570,VH SPARE CONFERENCE,RVH-2049a
336660571,VH SPARE CONFERENCE,RVH-2049b
336660572,VH SPARE CONFERENCE,RVH-2057a
336660573,VH SPARE CONFERENCE,RVH-2057b
336660574,VH SPARE CONFERENCE,RVH-2058a
336660575,VH SPARE CONFERENCE,RVH-2058b
336660576,VH SPARE CONFERENCE,RVH-2060a
336660577,VH SPARE CONFERENCE,RVH-2060b
336660578,VH SPARE CONFERENCE,RVH-2061a
336660579,VH SPARE CONFERENCE,RVH-2061b
336660580,VH SPARE CONFERENCE,RVH-2062a
336660581,VH SPARE CONFERENCE,RVH-2062b
336660582,VH SPARE CONFERENCE,RVH-2063a
336660583,VH SPARE CONFERENCE,RVH-2063b
336660584,VH SPARE CONFERENCE,RVH-2064a
336660585,VH SPARE CONFERENCE,RVH-2064b
336660586,VH SPARE CONFERENCE,RVH-2065a
336660587,VH SPARE CONFERENCE,RVH-2065b
336660588,VH SPARE CONFERENCE,RVH-2066a
336660589,VH SPARE CONFERENCE,RVH-2066b
336660590,VH SPARE CONFERENCE,RVH-2067a
336660591,VH SPARE CONFERENCE,RVH-2067b
336660592,VH SPARE CONFERENCE,RVH-2068a
336660593,VH SPARE CONFERENCE,RVH-2068b
336660594,VH SPARE CONFERENCE,RVH-2069a
336660595,VH SPARE CONFERENCE,RVH-2069b
336660596,VH SPARE CONFERENCE,RVH-2070a
336660597,VH SPARE CONFERENCE,RVH-2070b
336660598,VH SPARE CONFERENCE,RVH-2071a
336660599,VH SPARE CONFERENCE,RVH-2071b
336660600,VH SPARE CONFERENCE,RVH-2073a
336660601,VH SPARE CONFERENCE,RVH-2073b
336660602,VH SPARE CONFERENCE,RVH-2075a
336660603,VH SPARE CONFERENCE,RVH-2075b
336660604,VH SPARE CONFERENCE,RVH-2077a
336660605,VH SPARE CONFERENCE,RVH-2077b
336660606,VH SPARE CONFERENCE,RVH-2079a
336660607,VH SPARE CONFERENCE,RVH-2079b
336660608,VH SPARE CONFERENCE,RVH-2081a
336660609,VH SPARE CONFERENCE,RVH-2081b
336660610,VH SPARE CONFERENCE,RVH-2083a
336660611,VH SPARE CONFERENCE,RVH-2083b
336660612,VH SPARE CONFERENCE,RVH-2085a
336660613,VH SPARE CONFERENCE,RVH-2085b
336660614,VH SPARE CONFERENCE,RVH-2087a
336660615,VH SPARE CONFERENCE,RVH-2087b
336660616,VH SPARE CONFERENCE,RVH-2088a
336660617,VH SPARE CONFERENCE,RVH-2088b
336660618,VH SPARE CONFERENCE,RVH-2089a
336660619,VH SPARE CONFERENCE,RVH-2089b
336660620,VH SPARE CONFERENCE,RVH-2090a
336660621,VH SPARE CONFERENCE,RVH-2090b
336660622,VH SPARE CONFERENCE,RVH-2091a
336660623,VH SPARE CONFERENCE,RVH-2091b
336660624,VH SPARE CONFERENCE,RVH-2092a
336660625,VH SPARE CONFERENCE,RVH-2092b
336660626,VH SPARE CONFERENCE,RVH-2093a
336660627,VH SPARE CONFERENCE,RVH-2093b
336660628,VH SPARE CONFERENCE,RVH-2094a
336660629,VH SPARE CONFERENCE,RVH-2094b
336660630,VH SPARE CONFERENCE,RVH-2095a
336660631,VH SPARE CONFERENCE,RVH-2095b
336660632,VH SPARE CONFERENCE,RVH-2096a
336660633,VH SPARE CONFERENCE,RVH-2096b
336660634,VH SPARE CONFERENCE,RVH-2097a
336660635,VH SPARE CONFERENCE,RVH-2097b
336660636,VH SPARE CONFERENCE,RVH-2098a
336660637,VH SPARE CONFERENCE,RVH-2098b
336660638,VH SPARE CONFERENCE,RVH-2099a
336660639,VH SPARE CONFERENCE,RVH-2099b
336660640,VH SPARE CONFERENCE,RVH-2100a
336660641,VH SPARE CONFERENCE,RVH-2100b
336660642,VH SPARE CONFERENCE,RVH-2101a
336660643,VH SPARE CONFERENCE,RVH-2101b
336660644,VH SPARE CONFERENCE,RVH-2102a
336660645,VH SPARE CONFERENCE,RVH-2102b
336660646,VH SPARE CONFERENCE,RVH-2104a
336660647,VH SPARE CONFERENCE,RVH-2104b
336660648,VH SPARE CONFERENCE,RVH-2105a
336660649,VH SPARE CONFERENCE,RVH-2105b
336660650,VH SPARE CONFERENCE,RVH-2106a
336660651,VH SPARE CONFERENCE,RVH-2106b
336660652,VH SPARE CONFERENCE,RVH-2107a
336660653,VH SPARE CONFERENCE,RVH-2107b
336660654,VH SPARE CONFERENCE,RVH-2108a
336660655,VH SPARE CONFERENCE,RVH-2108b
336660656,VH SPARE CONFERENCE,RVH-2109a
336660657,VH SPARE CONFERENCE,RVH-2109b
336660658,VH SPARE CONFERENCE,RVH-2111a
336660659,VH SPARE CONFERENCE,RVH-2111b
336660660,VH SPARE CONFERENCE,RVH-2113a
336660661,VH SPARE CONFERENCE,RVH-2113b
336660662,VH SPARE CONFERENCE,RVH-2115a
336660663,VH SPARE CONFERENCE,RVH-2115b
336660664,VH SPARE CONFERENCE,RVH-2117a
336660665,VH SPARE CONFERENCE,RVH-2117b
336660666,VH SPARE CONFERENCE,RVH-2119a
336660667,VH SPARE CONFERENCE,RVH-2119b
336660668,VH SPARE CONFERENCE,RVH-3001a
336660669,VH SPARE CONFERENCE,RVH-3001b
336660670,VH SPARE CONFERENCE,RVH-3003a
336660671,VH SPARE CONFERENCE,RVH-3003b
336660672,VH SPARE CONFERENCE,RVH-3005a
336660673,VH SPARE CONFERENCE,RVH-3005b
336660674,VH SPARE CONFERENCE,RVH-3007a
336660675,VH SPARE CONFERENCE,RVH-3007b
336660676,VH SPARE CONFERENCE,RVH-3009a
336660677,VH SPARE CONFERENCE,RVH-3009b
336660678,VH SPARE CONFERENCE,RVH-3011a
336660679,VH SPARE CONFERENCE,RVH-3011b
336660680,VH SPARE CONFERENCE,RVH-3012a
336660681,VH SPARE CONFERENCE,RVH-3012b
336660682,VH SPARE CONFERENCE,RVH-3013a
336660683,VH SPARE CONFERENCE,RVH-3013b
336660684,VH SPARE CONFERENCE,RVH-3014a
336660685,VH SPARE CONFERENCE,RVH-3014b
336660686,VH SPARE CONFERENCE,RVH-3015a
336660687,VH SPARE CONFERENCE,RVH-3015b
336660688,VH SPARE CONFERENCE,RVH-3016a
336660689,VH SPARE CONFERENCE,RVH-3016b
336660690,VH SPARE CONFERENCE,RVH-3017a
336660691,VH SPARE CONFERENCE,RVH-3017b
336660692,VH SPARE CONFERENCE,RVH-3018a
336660693,VH SPARE CONFERENCE,RVH-3018b
336660694,VH SPARE CONFERENCE,RVH-3020a
336660695,VH SPARE CONFERENCE,RVH-3020b
336660696,VH SPARE CONFERENCE,RVH-3021a
336660697,VH SPARE CONFERENCE,RVH-3021b
336660698,VH SPARE CONFERENCE,RVH-3022a
336660699,VH SPARE CONFERENCE,RVH-3022b
336660700,VH SPARE CONFERENCE,RVH-3023a
336660701,VH SPARE CONFERENCE,RVH-3023b
336660702,VH SPARE CONFERENCE,RVH-3024a
336660703,VH SPARE CONFERENCE,RVH-3024b
336660704,VH SPARE CONFERENCE,RVH-3025a
336660705,VH SPARE CONFERENCE,RVH-3025b
336660706,VH SPARE CONFERENCE,RVH-3026a
336660707,VH SPARE CONFERENCE,RVH-3026b
336660708,VH SPARE CONFERENCE,RVH-3027a
336660709,VH SPARE CONFERENCE,RVH-3027b
336660710,VH SPARE CONFERENCE,RVH-3028a
336660711,VH SPARE CONFERENCE,RVH-3028b
336660712,VH SPARE CONFERENCE,RVH-3029a
336660713,VH SPARE CONFERENCE,RVH-3029b
336660714,VH SPARE CONFERENCE,RVH-3030a
336660715,VH SPARE CONFERENCE,RVH-3030b
336660716,VH SPARE CONFERENCE,RVH-3031a
336660717,VH SPARE CONFERENCE,RVH-3031b
336660718,VH SPARE CONFERENCE,RVH-3032a
336660719,VH SPARE CONFERENCE,RVH-3032b
336660720,VH SPARE CONFERENCE,RVH-3033a
336660721,VH SPARE CONFERENCE,RVH-3033b
336660722,VH SPARE CONFERENCE,RVH-3034a
336660723,VH SPARE CONFERENCE,RVH-3034b
336660724,VH SPARE CONFERENCE,RVH-3035a
336660725,VH SPARE CONFERENCE,RVH-3035b
336660726,VH SPARE CONFERENCE,RVH-3036a
336660727,VH SPARE CONFERENCE,RVH-3036b
336660728,VH SPARE CONFERENCE,RVH-3037a
336660729,VH SPARE CONFERENCE,RVH-3037b
336660730,VH SPARE CONFERENCE,RVH-3038a
336660731,VH SPARE CONFERENCE,RVH-3038b
336660732,VH SPARE CONFERENCE,RVH-3039a
336660733,VH SPARE CONFERENCE,RVH-3039b
336660734,VH SPARE CONFERENCE,RVH-3040a
336660735,VH SPARE CONFERENCE,RVH-3040b
336660736,VH SPARE CONFERENCE,RVH-3041a
336660737,VH SPARE CONFERENCE,RVH-3041b
336660738,VH SPARE CONFERENCE,RVH-3043a
336660739,VH SPARE CONFERENCE,RVH-3043b
336660740,VH SPARE CONFERENCE,RVH-3045a
336660741,VH SPARE CONFERENCE,RVH-3045b
336660742,VH SPARE CONFERENCE,RVH-3047a
336660743,VH SPARE CONFERENCE,RVH-3047b
336660744,VH SPARE CONFERENCE,RVH-3049a
336660745,VH SPARE CONFERENCE,RVH-3049b
336660746,VH SPARE CONFERENCE,RVH-3051a
336660747,VH SPARE CONFERENCE,RVH-3051b
336660748,VH SPARE CONFERENCE,RVH-3053a
336660749,VH SPARE CONFERENCE,RVH-3053b
336660750,VH SPARE CONFERENCE,RVH-3054a
336660751,VH SPARE CONFERENCE,RVH-3054b
336660752,VH SPARE CONFERENCE,RVH-3055a
336660753,VH SPARE CONFERENCE,RVH-3055b
336660754,VH SPARE CONFERENCE,RVH-3056a
336660755,VH SPARE CONFERENCE,RVH-3056b
336660756,VH SPARE CONFERENCE,RVH-3057a
336660757,VH SPARE CONFERENCE,RVH-3057b
336660758,VH SPARE CONFERENCE,RVH-3058a
336660759,VH SPARE CONFERENCE,RVH-3058b
336660760,VH SPARE CONFERENCE,RVH-3060a
336660761,VH SPARE CONFERENCE,RVH-3060b
336660762,VH SPARE CONFERENCE,RVH-3061a
336660763,VH SPARE CONFERENCE,RVH-3061b
336660764,VH SPARE CONFERENCE,RVH-3062a
336660765,VH SPARE CONFERENCE,RVH-3062b
336660766,VH SPARE CONFERENCE,RVH-3063a
336660767,VH SPARE CONFERENCE,RVH-3063b
336660768,VH SPARE CONFERENCE,RVH-3064a
336660769,VH SPARE CONFERENCE,RVH-3064b
336660770,VH SPARE CONFERENCE,RVH-3065a
336660771,VH SPARE CONFERENCE,RVH-3065b
336660772,VH SPARE CONFERENCE,RVH-3066a
336660773,VH SPARE CONFERENCE,RVH-3066b
336660774,VH SPARE CONFERENCE,RVH-3067a
336660775,VH SPARE CONFERENCE,RVH-3067b
336660776,VH SPARE CONFERENCE,RVH-3068a
336660777,VH SPARE CONFERENCE,RVH-3068b
336660778,VH SPARE CONFERENCE,RVH-3069a
336660779,VH SPARE CONFERENCE,RVH-3069b
336660780,VH SPARE CONFERENCE,RVH-3070a
336660781,VH SPARE CONFERENCE,RVH-3070b
336660782,VH SPARE CONFERENCE,RVH-3071a
336660783,VH SPARE CONFERENCE,RVH-3071b
336660784,VH SPARE CONFERENCE,RVH-3073a
336660785,VH SPARE CONFERENCE,RVH-3073b
336660786,VH SPARE CONFERENCE,RVH-3075a
336660787,VH SPARE CONFERENCE,RVH-3075b
336660788,VH SPARE CONFERENCE,RVH-3077a
336660789,VH SPARE CONFERENCE,RVH-3077b
336660790,VH SPARE CONFERENCE,RVH-3079a
336660791,VH SPARE CONFERENCE,RVH-3079b
336660792,VH SPARE CONFERENCE,RVH-3081a
336660793,VH SPARE CONFERENCE,RVH-3081b
336660794,VH SPARE CONFERENCE,RVH-3083a
336660795,VH SPARE CONFERENCE,RVH-3083b
336660796,VH SPARE CONFERENCE,RVH-3085a
336660797,VH SPARE CONFERENCE,RVH-3085b
336660798,VH SPARE CONFERENCE,RVH-3087a
336660799,VH SPARE CONFERENCE,RVH-3087b
336660800,VH SPARE CONFERENCE,RVH-3088a
336660801,VH SPARE CONFERENCE,RVH-3088b
336660802,VH SPARE CONFERENCE,RVH-3089a
336660803,VH SPARE CONFERENCE,RVH-3089b
336660804,VH SPARE CONFERENCE,RVH-3090a
336660805,VH SPARE CONFERENCE,RVH-3090b
336660806,VH SPARE CONFERENCE,RVH-3091a
336660807,VH SPARE CONFERENCE,RVH-3091b
336660808,VH SPARE CONFERENCE,RVH-3092a
336660809,VH SPARE CONFERENCE,RVH-3092b
336660810,VH SPARE CONFERENCE,RVH-3093a
336660811,VH SPARE CONFERENCE,RVH-3093b
336660812,VH SPARE CONFERENCE,RVH-3094a
336660813,VH SPARE CONFERENCE,RVH-3094b
336660814,VH SPARE CONFERENCE,RVH-3095a
336660815,VH SPARE CONFERENCE,RVH-3095b
336660816,VH SPARE CONFERENCE,RVH-3096a
336660817,VH SPARE CONFERENCE,RVH-3096b
336660818,VH SPARE CONFERENCE,RVH-3097a
336660819,VH SPARE CONFERENCE,RVH-3097b
336660820,VH SPARE CONFERENCE,RVH-3098a
336660821,VH SPARE CONFERENCE,RVH-3098b
336660822,VH SPARE CONFERENCE,RVH-3099a
336660823,VH SPARE CONFERENCE,RVH-3099b
336660824,VH SPARE CONFERENCE,RVH-3100a
336660825,VH SPARE CONFERENCE,RVH-3100b
336660826,VH SPARE CONFERENCE,RVH-3101a
336660827,VH SPARE CONFERENCE,RVH-3101b
336660828,VH SPARE CONFERENCE,RVH-3102a
336660829,VH SPARE CONFERENCE,RVH-3102b
336660830,VH SPARE CONFERENCE,RVH-3104a
336660831,VH SPARE CONFERENCE,RVH-3104b
336660832,VH SPARE CONFERENCE,RVH-3105a
336660833,VH SPARE CONFERENCE,RVH-3105b
336660834,VH SPARE CONFERENCE,RVH-3106a
336660835,VH SPARE CONFERENCE,RVH-3106b
336660836,VH SPARE CONFERENCE,RVH-3107a
336660837,VH SPARE CONFERENCE,RVH-3107b
336660838,VH SPARE CONFERENCE,RVH-3108a
336660839,VH SPARE CONFERENCE,RVH-3108b
336660840,VH SPARE CONFERENCE,RVH-3109a
336660841,VH SPARE CONFERENCE,RVH-3109b
336660842,VH SPARE CONFERENCE,RVH-3111a
336660843,VH SPARE CONFERENCE,RVH-3111b
336660844,VH SPARE CONFERENCE,RVH-3113a
336660845,VH SPARE CONFERENCE,RVH-3113b
336660846,VH SPARE CONFERENCE,RVH-3115a
336660847,VH SPARE CONFERENCE,RVH-3115b
336660848,VH SPARE CONFERENCE,RVH-3117a
336660849,VH SPARE CONFERENCE,RVH-3117b
336660850,VH SPARE CONFERENCE,RVH-3119a
336660851,VH SPARE CONFERENCE,RVH-3119b
336660852,VH SPARE CONFERENCE,RVH-4001a
336660853,VH SPARE CONFERENCE,RVH-4001b
336660854,VH SPARE CONFERENCE,RVH-4003a
336660855,VH SPARE CONFERENCE,RVH-4003b
336660856,VH SPARE CONFERENCE,RVH-4005a
336660857,VH SPARE CONFERENCE,RVH-4005b
336660858,VH SPARE CONFERENCE,RVH-4007a
336660859,VH SPARE CONFERENCE,RVH-4007b
336660860,VH SPARE CONFERENCE,RVH-4009a
336660861,VH SPARE CONFERENCE,RVH-4009b
336660862,VH SPARE CONFERENCE,RVH-4011a
336660863,VH SPARE CONFERENCE,RVH-4011b
336660864,VH SPARE CONFERENCE,RVH-4012a
336660865,VH SPARE CONFERENCE,RVH-4012b
336660866,VH SPARE CONFERENCE,RVH-4013a
336660867,VH SPARE CONFERENCE,RVH-4013b
336660868,VH SPARE CONFERENCE,RVH-4014a
336660869,VH SPARE CONFERENCE,RVH-4014b
336660870,VH SPARE CONFERENCE,RVH-4015a
336660871,VH SPARE CONFERENCE,RVH-4015b
336660872,VH SPARE CONFERENCE,RVH-4016a
336660873,VH SPARE CONFERENCE,RVH-4016b
336660874,VH SPARE CONFERENCE,RVH-4017a
336660875,VH SPARE CONFERENCE,RVH-4017b
336660876,VH SPARE CONFERENCE,RVH-4018a
336660877,VH SPARE CONFERENCE,RVH-4018b
336660878,VH SPARE CONFERENCE,RVH-4020a
336660879,VH SPARE CONFERENCE,RVH-4020b
336660880,VH SPARE CONFERENCE,RVH-4021a
336660881,VH SPARE CONFERENCE,RVH-4021b
336660882,VH SPARE CONFERENCE,RVH-4022a
336660883,VH SPARE CONFERENCE,RVH-4022b
336660884,VH SPARE CONFERENCE,RVH-4023a
336660885,VH SPARE CONFERENCE,RVH-4023b
336660886,VH SPARE CONFERENCE,RVH-4024a
336660887,VH SPARE CONFERENCE,RVH-4024b
336660888,VH SPARE CONFERENCE,RVH-4025a
336660889,VH SPARE CONFERENCE,RVH-4025b
336660890,VH SPARE CONFERENCE,RVH-4026a
336660891,VH SPARE CONFERENCE,RVH-4026b
336660892,VH SPARE CONFERENCE,RVH-4027a
336660893,VH SPARE CONFERENCE,RVH-4027b
336660894,VH SPARE CONFERENCE,RVH-4028a
336660895,VH SPARE CONFERENCE,RVH-4028b
336660896,VH SPARE CONFERENCE,RVH-4029a
336660897,VH SPARE CONFERENCE,RVH-4029b
336660898,VH SPARE CONFERENCE,RVH-4030a
336660899,VH SPARE CONFERENCE,RVH-4030b
336660900,VH SPARE CONFERENCE,RVH-4031a
336660901,VH SPARE CONFERENCE,RVH-4031b
336660902,VH SPARE CONFERENCE,RVH-4032a
336660903,VH SPARE CONFERENCE,RVH-4032b
336660904,VH SPARE CONFERENCE,RVH-4033a
336660905,VH SPARE CONFERENCE,RVH-4033b
336660906,VH SPARE CONFERENCE,RVH-4034a
336660907,VH SPARE CONFERENCE,RVH-4034b
336660908,VH SPARE CONFERENCE,RVH-4035a
336660909,VH SPARE CONFERENCE,RVH-4035b
336660910,VH SPARE CONFERENCE,RVH-4036a
336660911,VH SPARE CONFERENCE,RVH-4036b
336660912,VH SPARE CONFERENCE,RVH-4037a
336660913,VH SPARE CONFERENCE,RVH-4037b
336660914,VH SPARE CONFERENCE,RVH-4038a
336660915,VH SPARE CONFERENCE,RVH-4038b
336660916,VH SPARE CONFERENCE,RVH-4039a
336660917,VH SPARE CONFERENCE,RVH-4039b
336660918,VH SPARE CONFERENCE,RVH-4040a
336660919,VH SPARE CONFERENCE,RVH-4040b
336660920,VH SPARE CONFERENCE,RVH-4041a
336660921,VH SPARE CONFERENCE,RVH-4041b
336660922,VH SPARE CONFERENCE,RVH-4043a
336660923,VH SPARE CONFERENCE,RVH-4043b
336660924,VH SPARE CONFERENCE,RVH-4045a
336660925,VH SPARE CONFERENCE,RVH-4045b
336660926,VH SPARE CONFERENCE,RVH-4047a
336660927,VH SPARE CONFERENCE,RVH-4047b
336660928,VH SPARE CONFERENCE,RVH-4049a
336660929,VH SPARE CONFERENCE,RVH-4049b
336660930,VH SPARE CONFERENCE,RVH-4051a
336660931,VH SPARE CONFERENCE,RVH-4051b
336660932,VH SPARE CONFERENCE,RVH-4053a
336660933,VH SPARE CONFERENCE,RVH-4053b
336660934,VH SPARE CONFERENCE,RVH-4054a
336660935,VH SPARE CONFERENCE,RVH-4054b
336660936,VH SPARE CONFERENCE,RVH-4055a
336660937,VH SPARE CONFERENCE,RVH-4055b
336660938,VH SPARE CONFERENCE,RVH-4056a
336660939,VH SPARE CONFERENCE,RVH-4056b
336660940,VH SPARE CONFERENCE,RVH-4057a
336660941,VH SPARE CONFERENCE,RVH-4057b
336660942,VH SPARE CONFERENCE,RVH-4058a
336660943,VH SPARE CONFERENCE,RVH-4058b
336660944,VH SPARE CONFERENCE,RVH-4060a
336660945,VH SPARE CONFERENCE,RVH-4060b
336660946,VH SPARE CONFERENCE,RVH-4061a
336660947,VH SPARE CONFERENCE,RVH-4061b
336660948,VH SPARE CONFERENCE,RVH-4062a
336660949,VH SPARE CONFERENCE,RVH-4062b
336660950,VH SPARE CONFERENCE,RVH-4063a
336660951,VH SPARE CONFERENCE,RVH-4063b
336660952,VH SPARE CONFERENCE,RVH-4064a
336660953,VH SPARE CONFERENCE,RVH-4064b
336660954,VH SPARE CONFERENCE,RVH-4065a
336660955,VH SPARE CONFERENCE,RVH-4065b
336660956,VH SPARE CONFERENCE,RVH-4066a
336660957,VH SPARE CONFERENCE,RVH-4066b
336660958,VH SPARE CONFERENCE,RVH-4067a
336660959,VH SPARE CONFERENCE,RVH-4067b
336660960,VH SPARE CONFERENCE,RVH-4068a
336660961,VH SPARE CONFERENCE,RVH-4068b
336660962,VH SPARE CONFERENCE,RVH-4069a
336660963,VH SPARE CONFERENCE,RVH-4069b
336660964,VH SPARE CONFERENCE,RVH-4070a
336660965,VH SPARE CONFERENCE,RVH-4070b
336660966,VH SPARE CONFERENCE,RVH-4071a
336660967,VH SPARE CONFERENCE,RVH-4071b
336660968,VH SPARE CONFERENCE,RVH-4073a
336660969,VH SPARE CONFERENCE,RVH-4073b
336660970,VH SPARE CONFERENCE,RVH-4075a
336660971,VH SPARE CONFERENCE,RVH-4075b
336660972,VH SPARE CONFERENCE,RVH-4077a
336660973,VH SPARE CONFERENCE,RVH-4077b
336660974,VH SPARE CONFERENCE,RVH-4079a
336660975,VH SPARE CONFERENCE,RVH-4079b
336660976,VH SPARE CONFERENCE,RVH-4081a
336660977,VH SPARE CONFERENCE,RVH-4081b
336660978,VH SPARE CONFERENCE,RVH-4083a
336660979,VH SPARE CONFERENCE,RVH-4083b
336660980,VH SPARE CONFERENCE,RVH-4085a
336660981,VH SPARE CONFERENCE,RVH-4085b
336660982,VH SPARE CONFERENCE,RVH-4087a
336660983,VH SPARE CONFERENCE,RVH-4087b
336660984,VH SPARE CONFERENCE,RVH-4088a
336660985,VH SPARE CONFERENCE,RVH-4088b
336660986,VH SPARE CONFERENCE,RVH-4089a
336660987,VH SPARE CONFERENCE,RVH-4089b
336660988,VH SPARE CONFERENCE,RVH-4090a
336660989,VH SPARE CONFERENCE,RVH-4090b
336660990,VH SPARE CONFERENCE,RVH-4091a
336660991,VH SPARE CONFERENCE,RVH-4091b
336660992,VH SPARE CONFERENCE,RVH-4092a
336660993,VH SPARE CONFERENCE,RVH-4092b
336660994,VH SPARE CONFERENCE,RVH-4093a
336660995,VH SPARE CONFERENCE,RVH-4093b
336660996,VH SPARE CONFERENCE,RVH-4094a
336660997,VH SPARE CONFERENCE,RVH-4094b
336660998,VH SPARE CONFERENCE,RVH-4095a
336660999,VH SPARE CONFERENCE,RVH-4095b
336661000,VH SPARE CONFERENCE,RVH-4096a
336661001,VH SPARE CONFERENCE,RVH-4096b
336661002,VH SPARE CONFERENCE,RVH-4097a
336661003,VH SPARE CONFERENCE,RVH-4097b
336661004,VH SPARE CONFERENCE,RVH-4098a
336661005,VH SPARE CONFERENCE,RVH-4098b
336661006,VH SPARE CONFERENCE,RVH-4099a
336661007,VH SPARE CONFERENCE,RVH-4099b
336661008,VH SPARE CONFERENCE,RVH-4100a
336661009,VH SPARE CONFERENCE,RVH-4100b
336661010,VH SPARE CONFERENCE,RVH-4101a
336661011,VH SPARE CONFERENCE,RVH-4101b
336661012,VH SPARE CONFERENCE,RVH-4102a
336661013,VH SPARE CONFERENCE,RVH-4102b
336661014,VH SPARE CONFERENCE,RVH-4104a
336661015,VH SPARE CONFERENCE,RVH-4104b
336661016,VH SPARE CONFERENCE,RVH-4105a
336661017,VH SPARE CONFERENCE,RVH-4105b
336661018,VH SPARE CONFERENCE,RVH-4106a
336661019,VH SPARE CONFERENCE,RVH-4106b
336661020,VH SPARE CONFERENCE,RVH-4107a
336661021,VH SPARE CONFERENCE,RVH-4107b
336661022,VH SPARE CONFERENCE,RVH-4108a
336661023,VH SPARE CONFERENCE,RVH-4108b
336661024,VH SPARE CONFERENCE,RVH-4109a
336661025,VH SPARE CONFERENCE,RVH-4109b
336661026,VH SPARE CONFERENCE,RVH-4111a
336661027,VH SPARE CONFERENCE,RVH-4111b
336661028,VH SPARE CONFERENCE,RVH-4113a
336661029,VH SPARE CONFERENCE,RVH-4113b
336661030,VH SPARE CONFERENCE,RVH-4115a
336661031,VH SPARE CONFERENCE,RVH-4115b
336661032,VH SPARE CONFERENCE,RVH-4117a
336661033,VH SPARE CONFERENCE,RVH-4117b
336661034,VH SPARE CONFERENCE,RVH-4119a
336661035,VH SPARE CONFERENCE,RVH-4119b
